process,citation_kind,citation_value,line_no
caravan-lifecycle.md,Field,Caravan.CancellationPolicyUrl,231
caravan-lifecycle.md,Field,Caravan.CaravanAllowedClassNames,224
caravan-lifecycle.md,Field,Caravan.CaravanAllowedStatuses,223
caravan-lifecycle.md,Field,Caravan.CaravanAreaDescription,225
caravan-lifecycle.md,Field,Caravan.CaravanBlackoutDates,215
caravan-lifecycle.md,Field,Caravan.CaravanDate,211
caravan-lifecycle.md,Field,Caravan.CaravanDaysRecurring,214
caravan-lifecycle.md,Field,Caravan.CaravanEndTime,213
caravan-lifecycle.md,Field,Caravan.CaravanInputDeadlineDescription,217
caravan-lifecycle.md,Field,Caravan.CaravanInputDeadlineTimestamp,216
caravan-lifecycle.md,Field,Caravan.CaravanKey,207
caravan-lifecycle.md,Field,Caravan.CaravanName,208
caravan-lifecycle.md,Field,Caravan.CaravanOrganizerContactInfo,222
caravan-lifecycle.md,Field,Caravan.CaravanOrganizerKey,218
caravan-lifecycle.md,Field,Caravan.CaravanOrganizerMlsId,219
caravan-lifecycle.md,Field,Caravan.CaravanOrganizerName,220
caravan-lifecycle.md,Field,Caravan.CaravanOrganizerResourceName,221
caravan-lifecycle.md,Field,Caravan.CaravanPolicyUrl,230
caravan-lifecycle.md,Field,Caravan.CaravanRemarks,226
caravan-lifecycle.md,Field,Caravan.CaravanStartLocation,227
caravan-lifecycle.md,Field,Caravan.CaravanStartLocationGiveaways,228
caravan-lifecycle.md,Field,Caravan.CaravanStartLocationRefreshments,229
caravan-lifecycle.md,Field,Caravan.CaravanStartTime,212
caravan-lifecycle.md,Field,Caravan.CaravanStatus,209
caravan-lifecycle.md,Field,Caravan.CaravanType,210
caravan-lifecycle.md,Field,Caravan.ModificationTimestamp,233
caravan-lifecycle.md,Field,Caravan.OriginalEntryTimestamp,232
caravan-lifecycle.md,Field,Caravan.OriginatingSystemKey,234
caravan-lifecycle.md,Field,Caravan.SourceSystemKey,235
caravan-lifecycle.md,Field,CaravanStop.CaravanKey,239
caravan-lifecycle.md,Field,CaravanStop.CaravanStopKey,236
caravan-lifecycle.md,Field,CaravanStop.ModificationTimestamp,254
caravan-lifecycle.md,Field,CaravanStop.OriginalEntryTimestamp,253
caravan-lifecycle.md,Field,CaravanStop.OriginatingSystemKey,255
caravan-lifecycle.md,Field,CaravanStop.SourceSystemKey,256
caravan-lifecycle.md,Field,CaravanStop.StopAttendedBy,250
caravan-lifecycle.md,Field,CaravanStop.StopClassName,242
caravan-lifecycle.md,Field,CaravanStop.StopDate,243
caravan-lifecycle.md,Field,CaravanStop.StopEndTime,245
caravan-lifecycle.md,Field,CaravanStop.StopId,238
caravan-lifecycle.md,Field,CaravanStop.StopKey,237
caravan-lifecycle.md,Field,CaravanStop.StopOrder,240
caravan-lifecycle.md,Field,CaravanStop.StopRefreshments,251
caravan-lifecycle.md,Field,CaravanStop.StopRemarks,252
caravan-lifecycle.md,Field,CaravanStop.StopResourceName,241
caravan-lifecycle.md,Field,CaravanStop.StopShowingAgentFirstName,248
caravan-lifecycle.md,Field,CaravanStop.StopShowingAgentKey,246
caravan-lifecycle.md,Field,CaravanStop.StopShowingAgentLastName,249
caravan-lifecycle.md,Field,CaravanStop.StopShowingAgentMlsId,247
caravan-lifecycle.md,Field,CaravanStop.StopStartTime,244
caravan-lifecycle.md,LookupValue,CaravanStatus.Active,257
caravan-lifecycle.md,LookupValue,CaravanStatus.Canceled,258
caravan-lifecycle.md,LookupValue,CaravanStatus.Ended,259
caravan-lifecycle.md,LookupValue,CaravanType.Association,261
caravan-lifecycle.md,LookupValue,CaravanType.Broker,260
caravan-lifecycle.md,LookupValue,CaravanType.Other,262
caravan-lifecycle.md,Resource,Caravan,203
caravan-lifecycle.md,Resource,CaravanStop,204
caravan-lifecycle.md,Resource,OpenHouse,205
caravan-lifecycle.md,Resource,Property,206
field-and-lookup-metadata-publication.md,Field,Field.FieldKey,170
field-and-lookup-metadata-publication.md,Field,Field.FieldName,171
field-and-lookup-metadata-publication.md,Field,Field.ModificationTimestamp,173
field-and-lookup-metadata-publication.md,Field,Field.ResourceName,172
field-and-lookup-metadata-publication.md,Field,HistoryTransactional.ChangeType,183
field-and-lookup-metadata-publication.md,Field,HistoryTransactional.FieldKey,180
field-and-lookup-metadata-publication.md,Field,HistoryTransactional.FieldName,181
field-and-lookup-metadata-publication.md,Field,HistoryTransactional.ResourceName,182
field-and-lookup-metadata-publication.md,Field,Lookup.LegacyODataValue,178
field-and-lookup-metadata-publication.md,Field,Lookup.LookupKey,174
field-and-lookup-metadata-publication.md,Field,Lookup.LookupName,175
field-and-lookup-metadata-publication.md,Field,Lookup.LookupValue,176
field-and-lookup-metadata-publication.md,Field,Lookup.ModificationTimestamp,179
field-and-lookup-metadata-publication.md,Field,Lookup.StandardLookupValue,177
field-and-lookup-metadata-publication.md,LookupValue,ChangeType.Deleted,184
field-and-lookup-metadata-publication.md,Resource,Field,167
field-and-lookup-metadata-publication.md,Resource,HistoryTransactional,169
field-and-lookup-metadata-publication.md,Resource,Lookup,168
history-and-audit-log.md,Field,HistoryTransactional.ChangeType,191
history-and-audit-log.md,Field,HistoryTransactional.ChangedByMemberID,193
history-and-audit-log.md,Field,HistoryTransactional.ChangedByMemberKey,192
history-and-audit-log.md,Field,HistoryTransactional.ClassName,190
history-and-audit-log.md,Field,HistoryTransactional.EntityEventSequence,198
history-and-audit-log.md,Field,HistoryTransactional.FieldKey,194
history-and-audit-log.md,Field,HistoryTransactional.FieldName,195
history-and-audit-log.md,Field,HistoryTransactional.HistoryTransactionalKey,186
history-and-audit-log.md,Field,HistoryTransactional.ModificationTimestamp,205
history-and-audit-log.md,Field,HistoryTransactional.NewValue,197
history-and-audit-log.md,Field,HistoryTransactional.OriginatingSystemHistoryKey,201
history-and-audit-log.md,Field,HistoryTransactional.OriginatingSystemID,200
history-and-audit-log.md,Field,HistoryTransactional.OriginatingSystemName,199
history-and-audit-log.md,Field,HistoryTransactional.PreviousValue,196
history-and-audit-log.md,Field,HistoryTransactional.ResourceName,187
history-and-audit-log.md,Field,HistoryTransactional.ResourceRecordID,189
history-and-audit-log.md,Field,HistoryTransactional.ResourceRecordKey,188
history-and-audit-log.md,Field,HistoryTransactional.SourceSystemHistoryKey,204
history-and-audit-log.md,Field,HistoryTransactional.SourceSystemID,203
history-and-audit-log.md,Field,HistoryTransactional.SourceSystemName,202
history-and-audit-log.md,LookupValue,ChangeType.Active,207
history-and-audit-log.md,LookupValue,ChangeType.Active Under Contract,208
history-and-audit-log.md,LookupValue,ChangeType.Back On Market,216
history-and-audit-log.md,LookupValue,ChangeType.Canceled,214
history-and-audit-log.md,LookupValue,ChangeType.Closed,210
history-and-audit-log.md,LookupValue,ChangeType.Coming Soon,211
history-and-audit-log.md,LookupValue,ChangeType.Deleted,218
history-and-audit-log.md,LookupValue,ChangeType.Expired,215
history-and-audit-log.md,LookupValue,ChangeType.Hold,212
history-and-audit-log.md,LookupValue,ChangeType.New Listing,206
history-and-audit-log.md,LookupValue,ChangeType.Pending,209
history-and-audit-log.md,LookupValue,ChangeType.Price Change,217
history-and-audit-log.md,LookupValue,ChangeType.Withdrawn,213
history-and-audit-log.md,LookupValue,ResourceName.Association,223
history-and-audit-log.md,LookupValue,ResourceName.Contacts,222
history-and-audit-log.md,LookupValue,ResourceName.Member,220
history-and-audit-log.md,LookupValue,ResourceName.Office,221
history-and-audit-log.md,LookupValue,ResourceName.Property,219
history-and-audit-log.md,Resource,Contacts,184
history-and-audit-log.md,Resource,Field,185
history-and-audit-log.md,Resource,HistoryTransactional,180
history-and-audit-log.md,Resource,Member,181
history-and-audit-log.md,Resource,Office,182
history-and-audit-log.md,Resource,Property,183
internet-tracking-and-engagement.md,Field,EntityEvent.EntityEventSequence,284
internet-tracking-and-engagement.md,Field,EntityEvent.ResourceName,281
internet-tracking-and-engagement.md,Field,EntityEvent.ResourceRecordKey,282
internet-tracking-and-engagement.md,Field,EntityEvent.ResourceRecordUrl,283
internet-tracking-and-engagement.md,Field,InternetTracking.ActorEmail,230
internet-tracking-and-engagement.md,Field,InternetTracking.ActorID,228
internet-tracking-and-engagement.md,Field,InternetTracking.ActorIP,232
internet-tracking-and-engagement.md,Field,InternetTracking.ActorKey,227
internet-tracking-and-engagement.md,Field,InternetTracking.ActorOriginatingSystemName,233
internet-tracking-and-engagement.md,Field,InternetTracking.ActorPhone,231
internet-tracking-and-engagement.md,Field,InternetTracking.ActorSourceSystemName,234
internet-tracking-and-engagement.md,Field,InternetTracking.ActorType,229
internet-tracking-and-engagement.md,Field,InternetTracking.ColorDepth,252
internet-tracking-and-engagement.md,Field,InternetTracking.DeviceType,248
internet-tracking-and-engagement.md,Field,InternetTracking.EventDescription,215
internet-tracking-and-engagement.md,Field,InternetTracking.EventKey,213
internet-tracking-and-engagement.md,Field,InternetTracking.EventLabel,216
internet-tracking-and-engagement.md,Field,InternetTracking.EventOriginatingSystemID,222
internet-tracking-and-engagement.md,Field,InternetTracking.EventOriginatingSystemName,221
internet-tracking-and-engagement.md,Field,InternetTracking.EventReportedTimestamp,218
internet-tracking-and-engagement.md,Field,InternetTracking.EventSource,220
internet-tracking-and-engagement.md,Field,InternetTracking.EventSourceSystemID,224
internet-tracking-and-engagement.md,Field,InternetTracking.EventSourceSystemName,223
internet-tracking-and-engagement.md,Field,InternetTracking.EventTarget,219
internet-tracking-and-engagement.md,Field,InternetTracking.EventTimestamp,217
internet-tracking-and-engagement.md,Field,InternetTracking.EventType,214
internet-tracking-and-engagement.md,Field,InternetTracking.ObjectID,238
internet-tracking-and-engagement.md,Field,InternetTracking.ObjectIdType,239
internet-tracking-and-engagement.md,Field,InternetTracking.ObjectKey,237
internet-tracking-and-engagement.md,Field,InternetTracking.ObjectOriginatingSystemName,242
internet-tracking-and-engagement.md,Field,InternetTracking.ObjectSourceSystemName,243
internet-tracking-and-engagement.md,Field,InternetTracking.ObjectType,240
internet-tracking-and-engagement.md,Field,InternetTracking.ObjectURL,241
internet-tracking-and-engagement.md,Field,InternetTracking.OriginatingSystemActorKey,235
internet-tracking-and-engagement.md,Field,InternetTracking.OriginatingSystemEventKey,225
internet-tracking-and-engagement.md,Field,InternetTracking.OriginatingSystemObjectKey,244
internet-tracking-and-engagement.md,Field,InternetTracking.ReferringURL,249
internet-tracking-and-engagement.md,Field,InternetTracking.ScreenHeight,251
internet-tracking-and-engagement.md,Field,InternetTracking.ScreenWidth,250
internet-tracking-and-engagement.md,Field,InternetTracking.SessionID,246
internet-tracking-and-engagement.md,Field,InternetTracking.SourceSystemActorKey,236
internet-tracking-and-engagement.md,Field,InternetTracking.SourceSystemEventKey,226
internet-tracking-and-engagement.md,Field,InternetTracking.SourceSystemObjectKey,245
internet-tracking-and-engagement.md,Field,InternetTracking.TimeZoneOffset,253
internet-tracking-and-engagement.md,Field,InternetTracking.UserAgent,247
internet-tracking-and-engagement.md,Field,InternetTrackingSummary.CmaCreatedCount,269
internet-tracking-and-engagement.md,Field,InternetTrackingSummary.CmaEmailedCount,271
internet-tracking-and-engagement.md,Field,InternetTrackingSummary.CmaRanCount,270
internet-tracking-and-engagement.md,Field,InternetTrackingSummary.CmaSharedCount,272
internet-tracking-and-engagement.md,Field,InternetTrackingSummary.EndTimestamp,259
internet-tracking-and-engagement.md,Field,InternetTrackingSummary.FavoritedCount,265
internet-tracking-and-engagement.md,Field,InternetTrackingSummary.ImpressionCount,261
internet-tracking-and-engagement.md,Field,InternetTrackingSummary.InquiryCount,268
internet-tracking-and-engagement.md,Field,InternetTrackingSummary.InternetTrackingSummaryKey,254
internet-tracking-and-engagement.md,Field,InternetTrackingSummary.ListingId,260
internet-tracking-and-engagement.md,Field,InternetTrackingSummary.ListingsEmailedCount,267
internet-tracking-and-engagement.md,Field,InternetTrackingSummary.MobileAppImpressionCount,263
internet-tracking-and-engagement.md,Field,InternetTrackingSummary.MobileAppViewCount,264
internet-tracking-and-engagement.md,Field,InternetTrackingSummary.MobileLogins,277
internet-tracking-and-engagement.md,Field,InternetTrackingSummary.ModificationTimestamp,280
internet-tracking-and-engagement.md,Field,InternetTrackingSummary.OriginatingSystemName,279
internet-tracking-and-engagement.md,Field,InternetTrackingSummary.ResponseType,278
internet-tracking-and-engagement.md,Field,InternetTrackingSummary.SharedCount,266
internet-tracking-and-engagement.md,Field,InternetTrackingSummary.ShowingCompletedCount,273
internet-tracking-and-engagement.md,Field,InternetTrackingSummary.ShowingRequestedCount,274
internet-tracking-and-engagement.md,Field,InternetTrackingSummary.StartTimestamp,258
internet-tracking-and-engagement.md,Field,InternetTrackingSummary.TotalLogins,275
internet-tracking-and-engagement.md,Field,InternetTrackingSummary.TrackingDate,257
internet-tracking-and-engagement.md,Field,InternetTrackingSummary.TrackingType,255
internet-tracking-and-engagement.md,Field,InternetTrackingSummary.TrackingValues,256
internet-tracking-and-engagement.md,Field,InternetTrackingSummary.UniqueLogins,276
internet-tracking-and-engagement.md,Field,InternetTrackingSummary.ViewCount,262
internet-tracking-and-engagement.md,LookupValue,ActorType.Agent,305
internet-tracking-and-engagement.md,LookupValue,ActorType.Bot,308
internet-tracking-and-engagement.md,LookupValue,ActorType.Client,306
internet-tracking-and-engagement.md,LookupValue,ActorType.Consumer,307
internet-tracking-and-engagement.md,LookupValue,ActorType.Unknown,309
internet-tracking-and-engagement.md,LookupValue,DeviceType.Desktop,310
internet-tracking-and-engagement.md,LookupValue,DeviceType.Mobile,311
internet-tracking-and-engagement.md,LookupValue,DeviceType.Tablet,312
internet-tracking-and-engagement.md,LookupValue,DeviceType.Unknown,314
internet-tracking-and-engagement.md,LookupValue,DeviceType.Wearable,313
internet-tracking-and-engagement.md,LookupValue,EventType.Click to Primary Hosted Site,297
internet-tracking-and-engagement.md,LookupValue,EventType.Clicked on Email Address,295
internet-tracking-and-engagement.md,LookupValue,EventType.Clicked on Phone Number,296
internet-tracking-and-engagement.md,LookupValue,EventType.Comments,302
internet-tracking-and-engagement.md,LookupValue,EventType.Detailed View,286
internet-tracking-and-engagement.md,LookupValue,EventType.Discard,299
internet-tracking-and-engagement.md,LookupValue,EventType.Driving Directions,292
internet-tracking-and-engagement.md,LookupValue,EventType.Exit Detailed View,287
internet-tracking-and-engagement.md,LookupValue,EventType.Favorited,298
internet-tracking-and-engagement.md,LookupValue,EventType.Impression,285
internet-tracking-and-engagement.md,LookupValue,EventType.Maybe,300
internet-tracking-and-engagement.md,LookupValue,EventType.Object Modified,304
internet-tracking-and-engagement.md,LookupValue,EventType.Photo Gallery,289
internet-tracking-and-engagement.md,LookupValue,EventType.Printed,303
internet-tracking-and-engagement.md,LookupValue,EventType.Property Videos,291
internet-tracking-and-engagement.md,LookupValue,EventType.Scrolled Depth,293
internet-tracking-and-engagement.md,LookupValue,EventType.Search,288
internet-tracking-and-engagement.md,LookupValue,EventType.Share,301
internet-tracking-and-engagement.md,LookupValue,EventType.Submission of Lead Form,294
internet-tracking-and-engagement.md,LookupValue,EventType.Virtual Tour,290
internet-tracking-and-engagement.md,LookupValue,ObjectType.Document,319
internet-tracking-and-engagement.md,LookupValue,ObjectType.Listing,315
internet-tracking-and-engagement.md,LookupValue,ObjectType.Open House,320
internet-tracking-and-engagement.md,LookupValue,ObjectType.Photo,317
internet-tracking-and-engagement.md,LookupValue,ObjectType.Property,316
internet-tracking-and-engagement.md,LookupValue,ObjectType.Saved Search,321
internet-tracking-and-engagement.md,LookupValue,ObjectType.Virtual Tour,318
internet-tracking-and-engagement.md,LookupValue,ResourceName.Association,331
internet-tracking-and-engagement.md,LookupValue,ResourceName.Contacts,330
internet-tracking-and-engagement.md,LookupValue,ResourceName.Member,328
internet-tracking-and-engagement.md,LookupValue,ResourceName.Office,329
internet-tracking-and-engagement.md,LookupValue,ResourceName.Property,327
internet-tracking-and-engagement.md,LookupValue,TrackingType.ListAgentMlsId,323
internet-tracking-and-engagement.md,LookupValue,TrackingType.ListOfficeMlsId,324
internet-tracking-and-engagement.md,LookupValue,TrackingType.ListingId,322
internet-tracking-and-engagement.md,LookupValue,TrackingType.MainOfficeMlsId,325
internet-tracking-and-engagement.md,LookupValue,TrackingType.OUID,326
internet-tracking-and-engagement.md,Resource,EntityEvent,212
internet-tracking-and-engagement.md,Resource,InternetTracking,210
internet-tracking-and-engagement.md,Resource,InternetTrackingSummary,211
lead-contact-lifecycle.md,Field,ContactListingNotes.Contact,349
lead-contact-lifecycle.md,Field,ContactListingNotes.ContactKey,350
lead-contact-lifecycle.md,Field,ContactListingNotes.ContactListingNotesKey,348
lead-contact-lifecycle.md,Field,ContactListingNotes.Listing,351
lead-contact-lifecycle.md,Field,ContactListingNotes.ListingId,352
lead-contact-lifecycle.md,Field,ContactListingNotes.ListingKey,353
lead-contact-lifecycle.md,Field,ContactListingNotes.ModificationTimestamp,356
lead-contact-lifecycle.md,Field,ContactListingNotes.NoteContents,354
lead-contact-lifecycle.md,Field,ContactListingNotes.NotedBy,355
lead-contact-lifecycle.md,Field,ContactListings.AgentNotesUnreadYN,341
lead-contact-lifecycle.md,Field,ContactListings.ClassName,347
lead-contact-lifecycle.md,Field,ContactListings.Contact,330
lead-contact-lifecycle.md,Field,ContactListings.ContactKey,331
lead-contact-lifecycle.md,Field,ContactListings.ContactListingPreference,335
lead-contact-lifecycle.md,Field,ContactListings.ContactListingsKey,329
lead-contact-lifecycle.md,Field,ContactListings.ContactNotesUnreadYN,342
lead-contact-lifecycle.md,Field,ContactListings.DirectEmailYN,336
lead-contact-lifecycle.md,Field,ContactListings.LastAgentNoteTimestamp,339
lead-contact-lifecycle.md,Field,ContactListings.LastContactNoteTimestamp,340
lead-contact-lifecycle.md,Field,ContactListings.Listing,332
lead-contact-lifecycle.md,Field,ContactListings.ListingId,333
lead-contact-lifecycle.md,Field,ContactListings.ListingKey,334
lead-contact-lifecycle.md,Field,ContactListings.ListingModificationTimestamp,345
lead-contact-lifecycle.md,Field,ContactListings.ListingNotes,344
lead-contact-lifecycle.md,Field,ContactListings.ListingSentTimestamp,337
lead-contact-lifecycle.md,Field,ContactListings.ListingViewedYN,338
lead-contact-lifecycle.md,Field,ContactListings.PortalLastVisitedTimestamp,343
lead-contact-lifecycle.md,Field,ContactListings.ResourceName,346
lead-contact-lifecycle.md,Field,Contacts.ContactKey,273
lead-contact-lifecycle.md,Field,Contacts.ContactLoginId,274
lead-contact-lifecycle.md,Field,Contacts.ContactStatus,275
lead-contact-lifecycle.md,Field,Contacts.ContactType,276
lead-contact-lifecycle.md,Field,Contacts.Email,279
lead-contact-lifecycle.md,Field,Contacts.FirstName,277
lead-contact-lifecycle.md,Field,Contacts.LastName,278
lead-contact-lifecycle.md,Field,Contacts.LeadSource,281
lead-contact-lifecycle.md,Field,Contacts.MobilePhone,280
lead-contact-lifecycle.md,Field,Contacts.ModificationTimestamp,288
lead-contact-lifecycle.md,Field,Contacts.OriginalEntryTimestamp,287
lead-contact-lifecycle.md,Field,Contacts.OriginatingSystemContactKey,289
lead-contact-lifecycle.md,Field,Contacts.OwnerMember,283
lead-contact-lifecycle.md,Field,Contacts.OwnerMemberKey,284
lead-contact-lifecycle.md,Field,Contacts.PreferredAddress,285
lead-contact-lifecycle.md,Field,Contacts.PreferredPhone,286
lead-contact-lifecycle.md,Field,Contacts.ReferredBy,282
lead-contact-lifecycle.md,Field,Contacts.ReverseProspectingEnabledYN,291
lead-contact-lifecycle.md,Field,Contacts.SourceSystemContactKey,290
lead-contact-lifecycle.md,Field,Prospecting.ActiveYN,311
lead-contact-lifecycle.md,Field,Prospecting.BccEmailList,322
lead-contact-lifecycle.md,Field,Prospecting.BccMeYN,323
lead-contact-lifecycle.md,Field,Prospecting.CcEmailList,321
lead-contact-lifecycle.md,Field,Prospecting.ClientActivatedYN,312
lead-contact-lifecycle.md,Field,Prospecting.ConciergeNotificationsYN,325
lead-contact-lifecycle.md,Field,Prospecting.ConciergeYN,324
lead-contact-lifecycle.md,Field,Prospecting.Contact,305
lead-contact-lifecycle.md,Field,Prospecting.ContactKey,306
lead-contact-lifecycle.md,Field,Prospecting.DailySchedule,314
lead-contact-lifecycle.md,Field,Prospecting.LastNewChangedTimestamp,326
lead-contact-lifecycle.md,Field,Prospecting.LastViewedTimestamp,327
lead-contact-lifecycle.md,Field,Prospecting.MessageNew,317
lead-contact-lifecycle.md,Field,Prospecting.MessageRevise,318
lead-contact-lifecycle.md,Field,Prospecting.MessageUpdate,319
lead-contact-lifecycle.md,Field,Prospecting.NextSendTimestamp,315
lead-contact-lifecycle.md,Field,Prospecting.OwnerMember,307
lead-contact-lifecycle.md,Field,Prospecting.OwnerMemberKey,308
lead-contact-lifecycle.md,Field,Prospecting.ProspectingKey,304
lead-contact-lifecycle.md,Field,Prospecting.ReasonActiveOrDisabled,328
lead-contact-lifecycle.md,Field,Prospecting.SavedSearch,309
lead-contact-lifecycle.md,Field,Prospecting.SavedSearchKey,310
lead-contact-lifecycle.md,Field,Prospecting.ScheduleType,313
lead-contact-lifecycle.md,Field,Prospecting.Subject,316
lead-contact-lifecycle.md,Field,Prospecting.ToEmailList,320
lead-contact-lifecycle.md,Field,SavedSearch.ClassName,303
lead-contact-lifecycle.md,Field,SavedSearch.Member,298
lead-contact-lifecycle.md,Field,SavedSearch.MemberKey,299
lead-contact-lifecycle.md,Field,SavedSearch.MemberMlsId,300
lead-contact-lifecycle.md,Field,SavedSearch.ResourceName,302
lead-contact-lifecycle.md,Field,SavedSearch.SavedSearchDescription,294
lead-contact-lifecycle.md,Field,SavedSearch.SavedSearchKey,292
lead-contact-lifecycle.md,Field,SavedSearch.SavedSearchName,293
lead-contact-lifecycle.md,Field,SavedSearch.SavedSearchType,301
lead-contact-lifecycle.md,Field,SavedSearch.SearchQuery,295
lead-contact-lifecycle.md,Field,SavedSearch.SearchQueryHumanReadable,297
lead-contact-lifecycle.md,Field,SavedSearch.SearchQueryType,296
lead-contact-lifecycle.md,LookupValue,ContactListingPreference.Discard,371
lead-contact-lifecycle.md,LookupValue,ContactListingPreference.Favorite,369
lead-contact-lifecycle.md,LookupValue,ContactListingPreference.Possibility,370
lead-contact-lifecycle.md,LookupValue,ContactStatus.Active,357
lead-contact-lifecycle.md,LookupValue,ContactStatus.Deleted,360
lead-contact-lifecycle.md,LookupValue,ContactStatus.Inactive,359
lead-contact-lifecycle.md,LookupValue,ContactStatus.On Vacation,358
lead-contact-lifecycle.md,LookupValue,ContactType.Buyer,364
lead-contact-lifecycle.md,LookupValue,ContactType.Landlord,367
lead-contact-lifecycle.md,LookupValue,ContactType.Lead,361
lead-contact-lifecycle.md,LookupValue,ContactType.Other,368
lead-contact-lifecycle.md,LookupValue,ContactType.Prospect,362
lead-contact-lifecycle.md,LookupValue,ContactType.Ready to Buy,363
lead-contact-lifecycle.md,LookupValue,ContactType.Seller,365
lead-contact-lifecycle.md,LookupValue,ContactType.Tenant,366
lead-contact-lifecycle.md,LookupValue,ScheduleType.ASAP,372
lead-contact-lifecycle.md,LookupValue,ScheduleType.Daily,373
lead-contact-lifecycle.md,LookupValue,ScheduleType.Monthly,374
lead-contact-lifecycle.md,LookupValue,SearchQueryType.$filter,375
lead-contact-lifecycle.md,LookupValue,SearchQueryType.DMQL2,376
lead-contact-lifecycle.md,Resource,ContactListingNotes,272
lead-contact-lifecycle.md,Resource,ContactListings,271
lead-contact-lifecycle.md,Resource,Contacts,268
lead-contact-lifecycle.md,Resource,Prospecting,270
lead-contact-lifecycle.md,Resource,SavedSearch,269
listing-lifecycle.md,Field,HistoryTransactional.ChangeType,343
listing-lifecycle.md,Field,HistoryTransactional.ChangedByMemberKey,344
listing-lifecycle.md,Field,HistoryTransactional.FieldName,340
listing-lifecycle.md,Field,HistoryTransactional.NewValue,342
listing-lifecycle.md,Field,HistoryTransactional.PreviousValue,341
listing-lifecycle.md,Field,HistoryTransactional.ResourceName,338
listing-lifecycle.md,Field,HistoryTransactional.ResourceRecordKey,339
listing-lifecycle.md,Field,Property.CancellationDate,327
listing-lifecycle.md,Field,Property.CloseDate,321
listing-lifecycle.md,Field,Property.CoListAgentKey,335
listing-lifecycle.md,Field,Property.ContractStatusChangeDate,324
listing-lifecycle.md,Field,Property.DevelopmentStatus,368
listing-lifecycle.md,Field,Property.DocumentStatus,369
listing-lifecycle.md,Field,Property.ExpirationDate,328
listing-lifecycle.md,Field,Property.ListAgentKey,333
listing-lifecycle.md,Field,Property.ListOfficeKey,334
listing-lifecycle.md,Field,Property.ListPrice,315
listing-lifecycle.md,Field,Property.ListingAgreement,336
listing-lifecycle.md,Field,Property.ListingContractDate,318
listing-lifecycle.md,Field,Property.ListingId,311
listing-lifecycle.md,Field,Property.ListingKey,312
listing-lifecycle.md,Field,Property.MajorChangeTimestamp,330
listing-lifecycle.md,Field,Property.MajorChangeType,329
listing-lifecycle.md,Field,Property.Media,337
listing-lifecycle.md,Field,Property.MlsStatus,314
listing-lifecycle.md,Field,Property.ModificationTimestamp,332
listing-lifecycle.md,Field,Property.OffMarketDate,320
listing-lifecycle.md,Field,Property.OnMarketDate,319
listing-lifecycle.md,Field,Property.OriginalListPrice,316
listing-lifecycle.md,Field,Property.PendingTimestamp,322
listing-lifecycle.md,Field,Property.PreviousListPrice,317
listing-lifecycle.md,Field,Property.PriceChangeTimestamp,331
listing-lifecycle.md,Field,Property.PurchaseContractDate,323
listing-lifecycle.md,Field,Property.StandardStatus,313
listing-lifecycle.md,Field,Property.StatusChangeTimestamp,325
listing-lifecycle.md,Field,Property.WithdrawnDate,326
listing-lifecycle.md,LookupValue,ChangeType.Active,357
listing-lifecycle.md,LookupValue,ChangeType.Active Under Contract,360
listing-lifecycle.md,LookupValue,ChangeType.Back On Market,366
listing-lifecycle.md,LookupValue,ChangeType.Canceled,364
listing-lifecycle.md,LookupValue,ChangeType.Closed,361
listing-lifecycle.md,LookupValue,ChangeType.Coming Soon,358
listing-lifecycle.md,LookupValue,ChangeType.Expired,365
listing-lifecycle.md,LookupValue,ChangeType.Hold,362
listing-lifecycle.md,LookupValue,ChangeType.New Listing,356
listing-lifecycle.md,LookupValue,ChangeType.Pending,359
listing-lifecycle.md,LookupValue,ChangeType.Price Change,367
listing-lifecycle.md,LookupValue,ChangeType.Withdrawn,363
listing-lifecycle.md,LookupValue,DevelopmentStatus.Completed,377
listing-lifecycle.md,LookupValue,DevelopmentStatus.Finished Lot(s),375
listing-lifecycle.md,LookupValue,DevelopmentStatus.Other,378
listing-lifecycle.md,LookupValue,DevelopmentStatus.Proposed,370
listing-lifecycle.md,LookupValue,DevelopmentStatus.Raw Land,371
listing-lifecycle.md,LookupValue,DevelopmentStatus.Rough Grade,372
listing-lifecycle.md,LookupValue,DevelopmentStatus.See Remarks,379
listing-lifecycle.md,LookupValue,DevelopmentStatus.Site Plan Approved,374
listing-lifecycle.md,LookupValue,DevelopmentStatus.Site Plan Filed,373
listing-lifecycle.md,LookupValue,DevelopmentStatus.Under Construction,376
listing-lifecycle.md,LookupValue,DocumentStatus.Accepted,386
listing-lifecycle.md,LookupValue,DocumentStatus.Archived,393
listing-lifecycle.md,LookupValue,DocumentStatus.Changed,394
listing-lifecycle.md,LookupValue,DocumentStatus.Countered,387
listing-lifecycle.md,LookupValue,DocumentStatus.Deleted,395
listing-lifecycle.md,LookupValue,DocumentStatus.Delivered,385
listing-lifecycle.md,LookupValue,DocumentStatus.Finalized,391
listing-lifecycle.md,LookupValue,DocumentStatus.In Escrow,390
listing-lifecycle.md,LookupValue,DocumentStatus.Missing,382
listing-lifecycle.md,LookupValue,DocumentStatus.Optional,381
listing-lifecycle.md,LookupValue,DocumentStatus.Published,392
listing-lifecycle.md,LookupValue,DocumentStatus.Received,384
listing-lifecycle.md,LookupValue,DocumentStatus.Rejected,388
listing-lifecycle.md,LookupValue,DocumentStatus.Required,380
listing-lifecycle.md,LookupValue,DocumentStatus.Signed,389
listing-lifecycle.md,LookupValue,DocumentStatus.Submitted,383
listing-lifecycle.md,LookupValue,StandardStatus.Active,347
listing-lifecycle.md,LookupValue,StandardStatus.Active Under Contract,348
listing-lifecycle.md,LookupValue,StandardStatus.Canceled,353
listing-lifecycle.md,LookupValue,StandardStatus.Closed,350
listing-lifecycle.md,LookupValue,StandardStatus.Coming Soon,346
listing-lifecycle.md,LookupValue,StandardStatus.Delete,355
listing-lifecycle.md,LookupValue,StandardStatus.Expired,354
listing-lifecycle.md,LookupValue,StandardStatus.Hold,351
listing-lifecycle.md,LookupValue,StandardStatus.Incomplete,345
listing-lifecycle.md,LookupValue,StandardStatus.Pending,349
listing-lifecycle.md,LookupValue,StandardStatus.Withdrawn,352
listing-lifecycle.md,Resource,HistoryTransactional,310
listing-lifecycle.md,Resource,Property,309
media-lifecycle.md,Field,Media.ChangedByMember,277
media-lifecycle.md,Field,Media.ChangedByMemberKey,278
media-lifecycle.md,Field,Media.ClassName,267
media-lifecycle.md,Field,Media.ImageHeight,272
media-lifecycle.md,Field,Media.ImageOf,271
media-lifecycle.md,Field,Media.ImageSizeDescription,274
media-lifecycle.md,Field,Media.ImageWidth,273
media-lifecycle.md,Field,Media.LongDescription,276
media-lifecycle.md,Field,Media.MediaAlteration,261
media-lifecycle.md,Field,Media.MediaCategory,257
media-lifecycle.md,Field,Media.MediaHTML,260
media-lifecycle.md,Field,Media.MediaKey,254
media-lifecycle.md,Field,Media.MediaModificationTimestamp,262
media-lifecycle.md,Field,Media.MediaObjectID,255
media-lifecycle.md,Field,Media.MediaStatus,256
media-lifecycle.md,Field,Media.MediaType,258
media-lifecycle.md,Field,Media.MediaURL,259
media-lifecycle.md,Field,Media.ModificationTimestamp,263
media-lifecycle.md,Field,Media.Order,268
media-lifecycle.md,Field,Media.OriginatingSystemMediaKey,279
media-lifecycle.md,Field,Media.Permission,270
media-lifecycle.md,Field,Media.PreferredPhotoYN,269
media-lifecycle.md,Field,Media.ResourceName,264
media-lifecycle.md,Field,Media.ResourceRecordID,266
media-lifecycle.md,Field,Media.ResourceRecordKey,265
media-lifecycle.md,Field,Media.ShortDescription,275
media-lifecycle.md,Field,Media.SourceSystemMediaKey,280
media-lifecycle.md,LookupValue,MediaAlteration.Decluttered - Item Removed,307
media-lifecycle.md,LookupValue,MediaAlteration.Model Home,314
media-lifecycle.md,LookupValue,MediaAlteration.None,306
media-lifecycle.md,LookupValue,MediaAlteration.Other Media Modification,315
media-lifecycle.md,LookupValue,MediaAlteration.Twilight Conversion,309
media-lifecycle.md,LookupValue,MediaAlteration.Virtual Enhancements,310
media-lifecycle.md,LookupValue,MediaAlteration.Virtual Renovation,311
media-lifecycle.md,LookupValue,MediaAlteration.Virtual Representation - To Be Built,312
media-lifecycle.md,LookupValue,MediaAlteration.Virtual Representation - Under Construction,313
media-lifecycle.md,LookupValue,MediaAlteration.Virtual Staging - Item Addition,308
media-lifecycle.md,LookupValue,MediaCategory.Agent Photo,287
media-lifecycle.md,LookupValue,MediaCategory.Branded Virtual Tour,284
media-lifecycle.md,LookupValue,MediaCategory.Document,286
media-lifecycle.md,LookupValue,MediaCategory.Floor Plan,282
media-lifecycle.md,LookupValue,MediaCategory.Office Logo,289
media-lifecycle.md,LookupValue,MediaCategory.Office Photo,288
media-lifecycle.md,LookupValue,MediaCategory.Photo,281
media-lifecycle.md,LookupValue,MediaCategory.Unbranded Virtual Tour,285
media-lifecycle.md,LookupValue,MediaCategory.Video,283
media-lifecycle.md,LookupValue,MediaType.doc,300
media-lifecycle.md,LookupValue,MediaType.docx,301
media-lifecycle.md,LookupValue,MediaType.gif,292
media-lifecycle.md,LookupValue,MediaType.jpeg,290
media-lifecycle.md,LookupValue,MediaType.mov,295
media-lifecycle.md,LookupValue,MediaType.mp4,294
media-lifecycle.md,LookupValue,MediaType.mpeg,296
media-lifecycle.md,LookupValue,MediaType.pdf,299
media-lifecycle.md,LookupValue,MediaType.png,291
media-lifecycle.md,LookupValue,MediaType.quicktime,297
media-lifecycle.md,LookupValue,MediaType.rtf,304
media-lifecycle.md,LookupValue,MediaType.tiff,293
media-lifecycle.md,LookupValue,MediaType.txt,305
media-lifecycle.md,LookupValue,MediaType.wmv,298
media-lifecycle.md,LookupValue,MediaType.xls,302
media-lifecycle.md,LookupValue,MediaType.xlsx,303
media-lifecycle.md,LookupValue,Permission.Agent Only,321
media-lifecycle.md,LookupValue,Permission.Firm Only,319
media-lifecycle.md,LookupValue,Permission.IDX,317
media-lifecycle.md,LookupValue,Permission.Office Only,320
media-lifecycle.md,LookupValue,Permission.Private,322
media-lifecycle.md,LookupValue,Permission.Public,316
media-lifecycle.md,LookupValue,Permission.VOW,318
media-lifecycle.md,Resource,Media,253
member-onboarding.md,Field,Member.MemberEmail,217
member-onboarding.md,Field,Member.MemberFirstName,214
member-onboarding.md,Field,Member.MemberFullName,216
member-onboarding.md,Field,Member.MemberIsAssistantTo,223
member-onboarding.md,Field,Member.MemberKey,212
member-onboarding.md,Field,Member.MemberLastName,215
member-onboarding.md,Field,Member.MemberMlsAccessYN,221
member-onboarding.md,Field,Member.MemberMlsId,213
member-onboarding.md,Field,Member.MemberMobilePhone,218
member-onboarding.md,Field,Member.MemberPrimaryAorId,222
member-onboarding.md,Field,Member.MemberStateLicense,224
member-onboarding.md,Field,Member.MemberStateLicenseExpirationDate,227
member-onboarding.md,Field,Member.MemberStateLicenseState,225
member-onboarding.md,Field,Member.MemberStateLicenseType,226
member-onboarding.md,Field,Member.MemberStatus,219
member-onboarding.md,Field,Member.MemberType,220
member-onboarding.md,Field,Member.ModificationTimestamp,232
member-onboarding.md,Field,Member.Office,230
member-onboarding.md,Field,Member.OfficeKey,228
member-onboarding.md,Field,Member.OfficeMlsId,229
member-onboarding.md,Field,Member.OriginalEntryTimestamp,231
member-onboarding.md,Field,Member.OriginatingSystemMemberKey,233
member-onboarding.md,Field,Member.SourceSystemMemberKey,234
member-onboarding.md,Field,MemberAssociation.AssociationKey,235
member-onboarding.md,Field,MemberAssociation.AssociationMlsId,236
member-onboarding.md,Field,MemberAssociation.AssociationNationalAssociationId,237
member-onboarding.md,Field,MemberAssociation.Member,238
member-onboarding.md,Field,MemberAssociation.MemberAssociationBillStatus,246
member-onboarding.md,Field,MemberAssociation.MemberAssociationBillStatusDescription,247
member-onboarding.md,Field,MemberAssociation.MemberAssociationDuesPaidDate,245
member-onboarding.md,Field,MemberAssociation.MemberAssociationJoinDate,243
member-onboarding.md,Field,MemberAssociation.MemberAssociationOrientationDate,244
member-onboarding.md,Field,MemberAssociation.MemberAssociationPrimaryIndicator,248
member-onboarding.md,Field,MemberAssociation.MemberAssociationStatus,241
member-onboarding.md,Field,MemberAssociation.MemberAssociationStatusDate,242
member-onboarding.md,Field,MemberAssociation.MemberKey,239
member-onboarding.md,Field,MemberAssociation.MemberLocalDuesWaivedYN,249
member-onboarding.md,Field,MemberAssociation.MemberMlsId,240
member-onboarding.md,Field,MemberAssociation.MemberNationalDuesWaivedYN,251
member-onboarding.md,Field,MemberAssociation.MemberStatelDuesWaivedYN,250
member-onboarding.md,Field,MemberAssociation.ModificationTimestamp,252
member-onboarding.md,Field,MemberStateLicense.Member,254
member-onboarding.md,Field,MemberStateLicense.MemberKey,255
member-onboarding.md,Field,MemberStateLicense.MemberMlsId,256
member-onboarding.md,Field,MemberStateLicense.MemberStateLicense,257
member-onboarding.md,Field,MemberStateLicense.MemberStateLicenseExpirationDate,260
member-onboarding.md,Field,MemberStateLicense.MemberStateLicenseKey,253
member-onboarding.md,Field,MemberStateLicense.MemberStateLicenseState,258
member-onboarding.md,Field,MemberStateLicense.MemberStateLicenseType,259
member-onboarding.md,Field,MemberStateLicense.ModificationTimestamp,261
member-onboarding.md,LookupValue,MemberAssociationBillStatus.Billed,286
member-onboarding.md,LookupValue,MemberAssociationBillStatus.Not Billed,287
member-onboarding.md,LookupValue,MemberAssociationBillStatus.Paid,288
member-onboarding.md,LookupValue,MemberStateLicenseType.Appraiser,285
member-onboarding.md,LookupValue,MemberStateLicenseType.Broker,284
member-onboarding.md,LookupValue,MemberStateLicenseType.Salesperson,283
member-onboarding.md,LookupValue,MemberStatus.Active,262
member-onboarding.md,LookupValue,MemberStatus.Inactive,263
member-onboarding.md,LookupValue,MemberType.Affiliate,279
member-onboarding.md,LookupValue,MemberType.Assistant,273
member-onboarding.md,LookupValue,MemberType.Association Staff,280
member-onboarding.md,LookupValue,MemberType.Designated REALTOR Appraiser,268
member-onboarding.md,LookupValue,MemberType.Designated REALTOR Participant,267
member-onboarding.md,LookupValue,MemberType.Leasing Agent,278
member-onboarding.md,LookupValue,MemberType.Licensed Assistant,274
member-onboarding.md,LookupValue,MemberType.MLS Only Appraiser,272
member-onboarding.md,LookupValue,MemberType.MLS Only Broker,270
member-onboarding.md,LookupValue,MemberType.MLS Only Broker Associate,271
member-onboarding.md,LookupValue,MemberType.MLS Only Salesperson,269
member-onboarding.md,LookupValue,MemberType.MLS Staff,281
member-onboarding.md,LookupValue,MemberType.Non Member/Vendor,282
member-onboarding.md,LookupValue,MemberType.Office Manager,276
member-onboarding.md,LookupValue,MemberType.Photographer,277
member-onboarding.md,LookupValue,MemberType.REALTOR Appraiser,266
member-onboarding.md,LookupValue,MemberType.REALTOR Broker Associate,265
member-onboarding.md,LookupValue,MemberType.REALTOR Salesperson,264
member-onboarding.md,LookupValue,MemberType.Unlicensed Assistant,275
member-onboarding.md,Resource,Member,209
member-onboarding.md,Resource,MemberAssociation,210
member-onboarding.md,Resource,MemberStateLicense,211
office-onboarding.md,Field,OUID.OrganizationContactEmail,297
office-onboarding.md,Field,OUID.OrganizationContactFirstName,295
office-onboarding.md,Field,OUID.OrganizationContactLastName,296
office-onboarding.md,Field,OUID.OrganizationContactPhone,298
office-onboarding.md,Field,OUID.OrganizationMemberCount,299
office-onboarding.md,Field,OUID.OrganizationMlsCode,300
office-onboarding.md,Field,OUID.OrganizationMlsVendorOuid,301
office-onboarding.md,Field,OUID.OrganizationName,289
office-onboarding.md,Field,OUID.OrganizationStateLicense,293
office-onboarding.md,Field,OUID.OrganizationStateLicenseState,294
office-onboarding.md,Field,OUID.OrganizationStatus,291
office-onboarding.md,Field,OUID.OrganizationStatusChangeTimestamp,292
office-onboarding.md,Field,OUID.OrganizationType,290
office-onboarding.md,Field,OUID.OrganizationUniqueId,287
office-onboarding.md,Field,OUID.OrganizationUniqueIdKey,288
office-onboarding.md,Field,Office.MainOffice,257
office-onboarding.md,Field,Office.MainOfficeKey,258
office-onboarding.md,Field,Office.MainOfficeMlsId,259
office-onboarding.md,Field,Office.ModificationTimestamp,263
office-onboarding.md,Field,Office.NumberOfBranches,260
office-onboarding.md,Field,Office.OfficeBranchType,248
office-onboarding.md,Field,Office.OfficeBroker,252
office-onboarding.md,Field,Office.OfficeBrokerKey,250
office-onboarding.md,Field,Office.OfficeBrokerMlsId,251
office-onboarding.md,Field,Office.OfficeCorporateLicense,261
office-onboarding.md,Field,Office.OfficeKey,244
office-onboarding.md,Field,Office.OfficeManager,253
office-onboarding.md,Field,Office.OfficeManagerKey,254
office-onboarding.md,Field,Office.OfficeMlsId,245
office-onboarding.md,Field,Office.OfficeName,246
office-onboarding.md,Field,Office.OfficeNationalAssociationId,256
office-onboarding.md,Field,Office.OfficePrimaryAorId,255
office-onboarding.md,Field,Office.OfficeStatus,247
office-onboarding.md,Field,Office.OfficeType,249
office-onboarding.md,Field,Office.OriginalEntryTimestamp,262
office-onboarding.md,Field,Office.OriginatingSystemOfficeKey,264
office-onboarding.md,Field,Office.SourceSystemOfficeKey,265
office-onboarding.md,Field,OfficeAssociation.AssociationKey,266
office-onboarding.md,Field,OfficeAssociation.AssociationMlsId,267
office-onboarding.md,Field,OfficeAssociation.AssociationNationalAssociationId,268
office-onboarding.md,Field,OfficeAssociation.BillStatus,275
office-onboarding.md,Field,OfficeAssociation.JoinDate,274
office-onboarding.md,Field,OfficeAssociation.ModificationTimestamp,277
office-onboarding.md,Field,OfficeAssociation.Office,269
office-onboarding.md,Field,OfficeAssociation.OfficeAssociationPrimaryIndicator,276
office-onboarding.md,Field,OfficeAssociation.OfficeAssociationStatus,272
office-onboarding.md,Field,OfficeAssociation.OfficeAssociationStatusDate,273
office-onboarding.md,Field,OfficeAssociation.OfficeKey,270
office-onboarding.md,Field,OfficeAssociation.OfficeMlsId,271
office-onboarding.md,Field,OfficeCorporateLicense.ModificationTimestamp,286
office-onboarding.md,Field,OfficeCorporateLicense.Office,279
office-onboarding.md,Field,OfficeCorporateLicense.OfficeCorporateLicense,282
office-onboarding.md,Field,OfficeCorporateLicense.OfficeCorporateLicenseExpirationDate,285
office-onboarding.md,Field,OfficeCorporateLicense.OfficeCorporateLicenseKey,278
office-onboarding.md,Field,OfficeCorporateLicense.OfficeCorporateLicenseState,283
office-onboarding.md,Field,OfficeCorporateLicense.OfficeCorporateLicenseType,284
office-onboarding.md,Field,OfficeCorporateLicense.OfficeKey,280
office-onboarding.md,Field,OfficeCorporateLicense.OfficeMlsId,281
office-onboarding.md,LookupValue,OfficeBranchType.Branch,306
office-onboarding.md,LookupValue,OfficeBranchType.Main,305
office-onboarding.md,LookupValue,OfficeBranchType.Stand Alone,304
office-onboarding.md,LookupValue,OfficeCorporateLicenseType.Appraiser,319
office-onboarding.md,LookupValue,OfficeCorporateLicenseType.Broker,318
office-onboarding.md,LookupValue,OfficeStatus.Active,302
office-onboarding.md,LookupValue,OfficeStatus.Inactive,303
office-onboarding.md,LookupValue,OfficeType.Affiliate,313
office-onboarding.md,LookupValue,OfficeType.Appraiser,314
office-onboarding.md,LookupValue,OfficeType.Association,315
office-onboarding.md,LookupValue,OfficeType.MLS,316
office-onboarding.md,LookupValue,OfficeType.MLS Only Branch,312
office-onboarding.md,LookupValue,OfficeType.MLS Only Firm,310
office-onboarding.md,LookupValue,OfficeType.MLS Only Office,311
office-onboarding.md,LookupValue,OfficeType.Non Member/Vendor,317
office-onboarding.md,LookupValue,OfficeType.Realtor Branch Office,309
office-onboarding.md,LookupValue,OfficeType.Realtor Firm,307
office-onboarding.md,LookupValue,OfficeType.Realtor Office,308
office-onboarding.md,Resource,OUID,243
office-onboarding.md,Resource,Office,240
office-onboarding.md,Resource,OfficeAssociation,241
office-onboarding.md,Resource,OfficeCorporateLicense,242
open-house-lifecycle.md,Field,OpenHouse.AppointmentRequiredYN,163
open-house-lifecycle.md,Field,OpenHouse.Listing,168
open-house-lifecycle.md,Field,OpenHouse.ListingId,166
open-house-lifecycle.md,Field,OpenHouse.ListingKey,167
open-house-lifecycle.md,Field,OpenHouse.LivestreamOpenHouseURL,164
open-house-lifecycle.md,Field,OpenHouse.Media,169
open-house-lifecycle.md,Field,OpenHouse.ModificationTimestamp,175
open-house-lifecycle.md,Field,OpenHouse.OpenHouseAttendedBy,161
open-house-lifecycle.md,Field,OpenHouse.OpenHouseDate,158
open-house-lifecycle.md,Field,OpenHouse.OpenHouseEndTime,160
open-house-lifecycle.md,Field,OpenHouse.OpenHouseId,155
open-house-lifecycle.md,Field,OpenHouse.OpenHouseKey,154
open-house-lifecycle.md,Field,OpenHouse.OpenHouseRemarks,162
open-house-lifecycle.md,Field,OpenHouse.OpenHouseStartTime,159
open-house-lifecycle.md,Field,OpenHouse.OpenHouseStatus,156
open-house-lifecycle.md,Field,OpenHouse.OpenHouseType,157
open-house-lifecycle.md,Field,OpenHouse.OriginalEntryTimestamp,174
open-house-lifecycle.md,Field,OpenHouse.OriginatingSystem,176
open-house-lifecycle.md,Field,OpenHouse.OriginatingSystemKey,177
open-house-lifecycle.md,Field,OpenHouse.Refreshments,165
open-house-lifecycle.md,Field,OpenHouse.ShowingAgent,171
open-house-lifecycle.md,Field,OpenHouse.ShowingAgentKey,172
open-house-lifecycle.md,Field,OpenHouse.ShowingAgentMlsID,173
open-house-lifecycle.md,Field,OpenHouse.SocialMedia,170
open-house-lifecycle.md,Field,OpenHouse.SourceSystem,178
open-house-lifecycle.md,Field,OpenHouse.SourceSystemKey,179
open-house-lifecycle.md,LookupValue,OpenHouseStatus.Active,180
open-house-lifecycle.md,LookupValue,OpenHouseStatus.Canceled,181
open-house-lifecycle.md,LookupValue,OpenHouseStatus.Ended,182
open-house-lifecycle.md,LookupValue,OpenHouseType.Broker,184
open-house-lifecycle.md,LookupValue,OpenHouseType.Livestream Broker,187
open-house-lifecycle.md,LookupValue,OpenHouseType.Livestream Public,186
open-house-lifecycle.md,LookupValue,OpenHouseType.Office,185
open-house-lifecycle.md,LookupValue,OpenHouseType.Public,183
open-house-lifecycle.md,Resource,OpenHouse,152
open-house-lifecycle.md,Resource,Property,153
property-detail-attachment-lifecycle.md,Field,PropertyGreenVerification.GreenBuildingVerificationKey,256
property-detail-attachment-lifecycle.md,Field,PropertyGreenVerification.GreenBuildingVerificationType,259
property-detail-attachment-lifecycle.md,Field,PropertyGreenVerification.GreenVerificationBody,260
property-detail-attachment-lifecycle.md,Field,PropertyGreenVerification.GreenVerificationMetric,261
property-detail-attachment-lifecycle.md,Field,PropertyGreenVerification.GreenVerificationRating,262
property-detail-attachment-lifecycle.md,Field,PropertyGreenVerification.GreenVerificationSource,263
property-detail-attachment-lifecycle.md,Field,PropertyGreenVerification.GreenVerificationStatus,264
property-detail-attachment-lifecycle.md,Field,PropertyGreenVerification.GreenVerificationURL,265
property-detail-attachment-lifecycle.md,Field,PropertyGreenVerification.GreenVerificationVersion,266
property-detail-attachment-lifecycle.md,Field,PropertyGreenVerification.GreenVerificationYear,267
property-detail-attachment-lifecycle.md,Field,PropertyGreenVerification.ListingId,258
property-detail-attachment-lifecycle.md,Field,PropertyGreenVerification.ListingKey,257
property-detail-attachment-lifecycle.md,Field,PropertyGreenVerification.ModificationTimestamp,268
property-detail-attachment-lifecycle.md,Field,PropertyPowerProduction.ListingId,271
property-detail-attachment-lifecycle.md,Field,PropertyPowerProduction.ListingKey,270
property-detail-attachment-lifecycle.md,Field,PropertyPowerProduction.ModificationTimestamp,278
property-detail-attachment-lifecycle.md,Field,PropertyPowerProduction.PowerProductionAnnual,274
property-detail-attachment-lifecycle.md,Field,PropertyPowerProduction.PowerProductionAnnualStatus,275
property-detail-attachment-lifecycle.md,Field,PropertyPowerProduction.PowerProductionKey,269
property-detail-attachment-lifecycle.md,Field,PropertyPowerProduction.PowerProductionOwnership,276
property-detail-attachment-lifecycle.md,Field,PropertyPowerProduction.PowerProductionSize,273
property-detail-attachment-lifecycle.md,Field,PropertyPowerProduction.PowerProductionType,272
property-detail-attachment-lifecycle.md,Field,PropertyPowerProduction.PowerProductionYearInstall,277
property-detail-attachment-lifecycle.md,Field,PropertyPowerStorage.DateOfInstallation,282
property-detail-attachment-lifecycle.md,Field,PropertyPowerStorage.InformationSource,283
property-detail-attachment-lifecycle.md,Field,PropertyPowerStorage.ModificationTimestamp,284
property-detail-attachment-lifecycle.md,Field,PropertyPowerStorage.NameplateCapacity,281
property-detail-attachment-lifecycle.md,Field,PropertyPowerStorage.PowerStorageKey,279
property-detail-attachment-lifecycle.md,Field,PropertyPowerStorage.PowerStorageType,280
property-detail-attachment-lifecycle.md,Field,PropertyRooms.BedroomClosetType,239
property-detail-attachment-lifecycle.md,Field,PropertyRooms.ListingId,226
property-detail-attachment-lifecycle.md,Field,PropertyRooms.ListingKey,225
property-detail-attachment-lifecycle.md,Field,PropertyRooms.ModificationTimestamp,240
property-detail-attachment-lifecycle.md,Field,PropertyRooms.RoomArea,232
property-detail-attachment-lifecycle.md,Field,PropertyRooms.RoomAreaSource,234
property-detail-attachment-lifecycle.md,Field,PropertyRooms.RoomAreaUnits,233
property-detail-attachment-lifecycle.md,Field,PropertyRooms.RoomDescription,228
property-detail-attachment-lifecycle.md,Field,PropertyRooms.RoomDimensions,238
property-detail-attachment-lifecycle.md,Field,PropertyRooms.RoomFeatures,229
property-detail-attachment-lifecycle.md,Field,PropertyRooms.RoomKey,224
property-detail-attachment-lifecycle.md,Field,PropertyRooms.RoomLength,230
property-detail-attachment-lifecycle.md,Field,PropertyRooms.RoomLengthWidthSource,235
property-detail-attachment-lifecycle.md,Field,PropertyRooms.RoomLengthWidthUnits,236
property-detail-attachment-lifecycle.md,Field,PropertyRooms.RoomLevel,237
property-detail-attachment-lifecycle.md,Field,PropertyRooms.RoomType,227
property-detail-attachment-lifecycle.md,Field,PropertyRooms.RoomWidth,231
property-detail-attachment-lifecycle.md,Field,PropertyUnitTypes.ListingId,243
property-detail-attachment-lifecycle.md,Field,PropertyUnitTypes.ListingKey,242
property-detail-attachment-lifecycle.md,Field,PropertyUnitTypes.ModificationTimestamp,255
property-detail-attachment-lifecycle.md,Field,PropertyUnitTypes.UnitTypeActualRent,248
property-detail-attachment-lifecycle.md,Field,PropertyUnitTypes.UnitTypeBathsTotal,247
property-detail-attachment-lifecycle.md,Field,PropertyUnitTypes.UnitTypeBedsTotal,246
property-detail-attachment-lifecycle.md,Field,PropertyUnitTypes.UnitTypeDescription,254
property-detail-attachment-lifecycle.md,Field,PropertyUnitTypes.UnitTypeFurnished,251
property-detail-attachment-lifecycle.md,Field,PropertyUnitTypes.UnitTypeGarageAttachedYN,252
property-detail-attachment-lifecycle.md,Field,PropertyUnitTypes.UnitTypeGarageSpaces,253
property-detail-attachment-lifecycle.md,Field,PropertyUnitTypes.UnitTypeKey,241
property-detail-attachment-lifecycle.md,Field,PropertyUnitTypes.UnitTypeProForma,250
property-detail-attachment-lifecycle.md,Field,PropertyUnitTypes.UnitTypeTotalRent,249
property-detail-attachment-lifecycle.md,Field,PropertyUnitTypes.UnitTypeType,244
property-detail-attachment-lifecycle.md,Field,PropertyUnitTypes.UnitTypeUnitsTotal,245
property-detail-attachment-lifecycle.md,LookupValue,GreenVerificationStatus.Complete,286
property-detail-attachment-lifecycle.md,LookupValue,GreenVerificationStatus.In Process,285
property-detail-attachment-lifecycle.md,LookupValue,PowerProductionType.Photovoltaics,287
property-detail-attachment-lifecycle.md,LookupValue,PowerProductionType.Wind,288
property-detail-attachment-lifecycle.md,LookupValue,PowerStorageType.Lead Acid Battery,291
property-detail-attachment-lifecycle.md,LookupValue,PowerStorageType.Lithium Ion Battery,289
property-detail-attachment-lifecycle.md,LookupValue,PowerStorageType.Lithium Iron Phosphate,290
property-detail-attachment-lifecycle.md,LookupValue,PowerStorageType.Other,292
property-detail-attachment-lifecycle.md,LookupValue,PowerStorageType.Unknown,293
property-detail-attachment-lifecycle.md,LookupValue,RoomType.Bathroom,305
property-detail-attachment-lifecycle.md,LookupValue,RoomType.Bedroom,299
property-detail-attachment-lifecycle.md,LookupValue,RoomType.Bedroom 1,301
property-detail-attachment-lifecycle.md,LookupValue,RoomType.Den,297
property-detail-attachment-lifecycle.md,LookupValue,RoomType.Exercise Room,310
property-detail-attachment-lifecycle.md,LookupValue,RoomType.Family Room,295
property-detail-attachment-lifecycle.md,LookupValue,RoomType.Game Room,307
property-detail-attachment-lifecycle.md,LookupValue,RoomType.Great Room,296
property-detail-attachment-lifecycle.md,LookupValue,RoomType.Gym,309
property-detail-attachment-lifecycle.md,LookupValue,RoomType.Kitchen,302
property-detail-attachment-lifecycle.md,LookupValue,RoomType.Laundry,303
property-detail-attachment-lifecycle.md,LookupValue,RoomType.Library,298
property-detail-attachment-lifecycle.md,LookupValue,RoomType.Living Room,294
property-detail-attachment-lifecycle.md,LookupValue,RoomType.Master Bathroom,306
property-detail-attachment-lifecycle.md,LookupValue,RoomType.Master Bedroom,300
property-detail-attachment-lifecycle.md,LookupValue,RoomType.Media Room,308
property-detail-attachment-lifecycle.md,LookupValue,RoomType.Office,312
property-detail-attachment-lifecycle.md,LookupValue,RoomType.Sauna,311
property-detail-attachment-lifecycle.md,LookupValue,RoomType.Utility Room,304
property-detail-attachment-lifecycle.md,LookupValue,RoomType.Workshop,313
property-detail-attachment-lifecycle.md,LookupValue,UnitTypeType.1 Bedroom,315
property-detail-attachment-lifecycle.md,LookupValue,UnitTypeType.2 Bedroom,316
property-detail-attachment-lifecycle.md,LookupValue,UnitTypeType.3 Bedroom,317
property-detail-attachment-lifecycle.md,LookupValue,UnitTypeType.4 Bedroom Or More,318
property-detail-attachment-lifecycle.md,LookupValue,UnitTypeType.Apartments,321
property-detail-attachment-lifecycle.md,LookupValue,UnitTypeType.Efficiency,322
property-detail-attachment-lifecycle.md,LookupValue,UnitTypeType.Loft,320
property-detail-attachment-lifecycle.md,LookupValue,UnitTypeType.Manager's Unit,323
property-detail-attachment-lifecycle.md,LookupValue,UnitTypeType.Penthouse,319
property-detail-attachment-lifecycle.md,LookupValue,UnitTypeType.Studio,314
property-detail-attachment-lifecycle.md,Resource,PropertyGreenVerification,221
property-detail-attachment-lifecycle.md,Resource,PropertyPowerProduction,222
property-detail-attachment-lifecycle.md,Resource,PropertyPowerStorage,223
property-detail-attachment-lifecycle.md,Resource,PropertyRooms,219
property-detail-attachment-lifecycle.md,Resource,PropertyUnitTypes,220
prospecting-and-saved-search-delivery.md,Field,ContactListingNotes.ContactKey,272
prospecting-and-saved-search-delivery.md,Field,ContactListingNotes.ContactListingNotesKey,271
prospecting-and-saved-search-delivery.md,Field,ContactListingNotes.ListingId,274
prospecting-and-saved-search-delivery.md,Field,ContactListingNotes.ListingKey,273
prospecting-and-saved-search-delivery.md,Field,ContactListingNotes.ModificationTimestamp,277
prospecting-and-saved-search-delivery.md,Field,ContactListingNotes.NoteContents,275
prospecting-and-saved-search-delivery.md,Field,ContactListingNotes.NotedBy,276
prospecting-and-saved-search-delivery.md,Field,ContactListings.AgentNotesUnreadYN,267
prospecting-and-saved-search-delivery.md,Field,ContactListings.ClassName,258
prospecting-and-saved-search-delivery.md,Field,ContactListings.ContactKey,253
prospecting-and-saved-search-delivery.md,Field,ContactListings.ContactListingPreference,259
prospecting-and-saved-search-delivery.md,Field,ContactListings.ContactListingsKey,252
prospecting-and-saved-search-delivery.md,Field,ContactListings.ContactLoginId,254
prospecting-and-saved-search-delivery.md,Field,ContactListings.ContactNotesUnreadYN,268
prospecting-and-saved-search-delivery.md,Field,ContactListings.DirectEmailYN,260
prospecting-and-saved-search-delivery.md,Field,ContactListings.LastAgentNoteTimestamp,265
prospecting-and-saved-search-delivery.md,Field,ContactListings.LastContactNoteTimestamp,266
prospecting-and-saved-search-delivery.md,Field,ContactListings.ListingId,256
prospecting-and-saved-search-delivery.md,Field,ContactListings.ListingKey,255
prospecting-and-saved-search-delivery.md,Field,ContactListings.ListingModificationTimestamp,263
prospecting-and-saved-search-delivery.md,Field,ContactListings.ListingNotes,269
prospecting-and-saved-search-delivery.md,Field,ContactListings.ListingSentTimestamp,261
prospecting-and-saved-search-delivery.md,Field,ContactListings.ListingViewedYN,262
prospecting-and-saved-search-delivery.md,Field,ContactListings.ModificationTimestamp,270
prospecting-and-saved-search-delivery.md,Field,ContactListings.PortalLastVisitedTimestamp,264
prospecting-and-saved-search-delivery.md,Field,ContactListings.ResourceName,257
prospecting-and-saved-search-delivery.md,Field,Prospecting.ActiveYN,231
prospecting-and-saved-search-delivery.md,Field,Prospecting.BccEmailList,248
prospecting-and-saved-search-delivery.md,Field,Prospecting.BccMeYN,249
prospecting-and-saved-search-delivery.md,Field,Prospecting.CcEmailList,247
prospecting-and-saved-search-delivery.md,Field,Prospecting.ClientActivatedYN,232
prospecting-and-saved-search-delivery.md,Field,Prospecting.ConciergeNotificationsYN,234
prospecting-and-saved-search-delivery.md,Field,Prospecting.ConciergeYN,233
prospecting-and-saved-search-delivery.md,Field,Prospecting.ContactKey,228
prospecting-and-saved-search-delivery.md,Field,Prospecting.DailySchedule,236
prospecting-and-saved-search-delivery.md,Field,Prospecting.DisplayTemplateID,250
prospecting-and-saved-search-delivery.md,Field,Prospecting.Language,245
prospecting-and-saved-search-delivery.md,Field,Prospecting.LastNewChangedTimestamp,238
prospecting-and-saved-search-delivery.md,Field,Prospecting.LastViewedTimestamp,239
prospecting-and-saved-search-delivery.md,Field,Prospecting.MessageNew,242
prospecting-and-saved-search-delivery.md,Field,Prospecting.MessageRevise,243
prospecting-and-saved-search-delivery.md,Field,Prospecting.MessageUpdate,244
prospecting-and-saved-search-delivery.md,Field,Prospecting.ModificationTimestamp,251
prospecting-and-saved-search-delivery.md,Field,Prospecting.NextSendTimestamp,237
prospecting-and-saved-search-delivery.md,Field,Prospecting.OwnerMemberID,230
prospecting-and-saved-search-delivery.md,Field,Prospecting.OwnerMemberKey,229
prospecting-and-saved-search-delivery.md,Field,Prospecting.ProspectingKey,226
prospecting-and-saved-search-delivery.md,Field,Prospecting.ReasonActiveOrDisabled,240
prospecting-and-saved-search-delivery.md,Field,Prospecting.SavedSearchKey,227
prospecting-and-saved-search-delivery.md,Field,Prospecting.ScheduleType,235
prospecting-and-saved-search-delivery.md,Field,Prospecting.Subject,241
prospecting-and-saved-search-delivery.md,Field,Prospecting.ToEmailList,246
prospecting-and-saved-search-delivery.md,Field,SavedSearch.ClassName,217
prospecting-and-saved-search-delivery.md,Field,SavedSearch.MemberKey,218
prospecting-and-saved-search-delivery.md,Field,SavedSearch.MemberMlsId,219
prospecting-and-saved-search-delivery.md,Field,SavedSearch.ModificationTimestamp,221
prospecting-and-saved-search-delivery.md,Field,SavedSearch.OriginalEntryTimestamp,220
prospecting-and-saved-search-delivery.md,Field,SavedSearch.OriginatingSystemKey,222
prospecting-and-saved-search-delivery.md,Field,SavedSearch.OriginatingSystemName,223
prospecting-and-saved-search-delivery.md,Field,SavedSearch.ResourceName,216
prospecting-and-saved-search-delivery.md,Field,SavedSearch.SavedSearchDescription,209
prospecting-and-saved-search-delivery.md,Field,SavedSearch.SavedSearchKey,207
prospecting-and-saved-search-delivery.md,Field,SavedSearch.SavedSearchName,208
prospecting-and-saved-search-delivery.md,Field,SavedSearch.SavedSearchType,210
prospecting-and-saved-search-delivery.md,Field,SavedSearch.SearchQuery,211
prospecting-and-saved-search-delivery.md,Field,SavedSearch.SearchQueryExceptionDetails,214
prospecting-and-saved-search-delivery.md,Field,SavedSearch.SearchQueryExceptions,213
prospecting-and-saved-search-delivery.md,Field,SavedSearch.SearchQueryHumanReadable,212
prospecting-and-saved-search-delivery.md,Field,SavedSearch.SearchQueryType,215
prospecting-and-saved-search-delivery.md,Field,SavedSearch.SourceSystemKey,224
prospecting-and-saved-search-delivery.md,Field,SavedSearch.SourceSystemName,225
prospecting-and-saved-search-delivery.md,LookupValue,ContactListingPreference.Discard,283
prospecting-and-saved-search-delivery.md,LookupValue,ContactListingPreference.Favorite,284
prospecting-and-saved-search-delivery.md,LookupValue,ContactListingPreference.Possibility,285
prospecting-and-saved-search-delivery.md,LookupValue,ScheduleType.ASAP,278
prospecting-and-saved-search-delivery.md,LookupValue,ScheduleType.Daily,279
prospecting-and-saved-search-delivery.md,LookupValue,ScheduleType.Monthly,280
prospecting-and-saved-search-delivery.md,LookupValue,SearchQueryType.$filter,281
prospecting-and-saved-search-delivery.md,LookupValue,SearchQueryType.DMQL2,282
prospecting-and-saved-search-delivery.md,Resource,ContactListingNotes,206
prospecting-and-saved-search-delivery.md,Resource,ContactListings,205
prospecting-and-saved-search-delivery.md,Resource,Prospecting,204
prospecting-and-saved-search-delivery.md,Resource,SavedSearch,203
showing-lifecycle.md,Field,LockOrBox.KeyOrCredentialId,309
showing-lifecycle.md,Field,LockOrBox.ListingAddress1,315
showing-lifecycle.md,Field,LockOrBox.ListingCity,316
showing-lifecycle.md,Field,LockOrBox.ListingId,313
showing-lifecycle.md,Field,LockOrBox.ListingKey,314
showing-lifecycle.md,Field,LockOrBox.ListingPostalCode,317
showing-lifecycle.md,Field,LockOrBox.LockOrBoxAccessTimestamp,311
showing-lifecycle.md,Field,LockOrBox.LockOrBoxAccessType,312
showing-lifecycle.md,Field,LockOrBox.LockOrBoxId,308
showing-lifecycle.md,Field,LockOrBox.LockOrBoxInstalledTimestamp,310
showing-lifecycle.md,Field,LockOrBox.LockOrBoxKey,307
showing-lifecycle.md,Field,LockOrBox.Notes,325
showing-lifecycle.md,Field,LockOrBox.ShowingAgent,318
showing-lifecycle.md,Field,LockOrBox.ShowingAgentEmail,322
showing-lifecycle.md,Field,LockOrBox.ShowingAgentFullName,320
showing-lifecycle.md,Field,LockOrBox.ShowingAgentId,319
showing-lifecycle.md,Field,LockOrBox.ShowingAgentMlsId,321
showing-lifecycle.md,Field,LockOrBox.ShowingAgentPhone,323
showing-lifecycle.md,Field,LockOrBox.ShowingOffice,324
showing-lifecycle.md,Field,Showing.ListingId,305
showing-lifecycle.md,Field,Showing.ListingKey,306
showing-lifecycle.md,Field,Showing.OriginalEntryTimestamp,297
showing-lifecycle.md,Field,Showing.ShowingAgent,299
showing-lifecycle.md,Field,Showing.ShowingAgentKey,300
showing-lifecycle.md,Field,Showing.ShowingAgentMlsID,301
showing-lifecycle.md,Field,Showing.ShowingAllowed,298
showing-lifecycle.md,Field,Showing.ShowingEndTimestamp,295
showing-lifecycle.md,Field,Showing.ShowingId,293
showing-lifecycle.md,Field,Showing.ShowingKey,292
showing-lifecycle.md,Field,Showing.ShowingRequestedTimestamp,296
showing-lifecycle.md,Field,Showing.ShowingStartTimestamp,294
showing-lifecycle.md,Field,Showing.ShowingStatus,304
showing-lifecycle.md,Field,Showing.ShowingTimeZone,302
showing-lifecycle.md,Field,Showing.ShowingUrl,303
showing-lifecycle.md,Field,ShowingAppointment.ShowingAgentKey,290
showing-lifecycle.md,Field,ShowingAppointment.ShowingAgentMlsId,291
showing-lifecycle.md,Field,ShowingAppointment.ShowingAppointmentDate,285
showing-lifecycle.md,Field,ShowingAppointment.ShowingAppointmentEndTime,287
showing-lifecycle.md,Field,ShowingAppointment.ShowingAppointmentId,282
showing-lifecycle.md,Field,ShowingAppointment.ShowingAppointmentKey,281
showing-lifecycle.md,Field,ShowingAppointment.ShowingAppointmentMethod,288
showing-lifecycle.md,Field,ShowingAppointment.ShowingAppointmentStartTime,286
showing-lifecycle.md,Field,ShowingAppointment.ShowingAppointmentStatus,289
showing-lifecycle.md,Field,ShowingAppointment.ShowingId,283
showing-lifecycle.md,Field,ShowingAppointment.ShowingKey,284
showing-lifecycle.md,Field,ShowingAvailability.ShowingAvailabilityKey,256
showing-lifecycle.md,Field,ShowingAvailability.ShowingAvailableEndTime,259
showing-lifecycle.md,Field,ShowingAvailability.ShowingAvailableStartTime,258
showing-lifecycle.md,Field,ShowingAvailability.ShowingDate,257
showing-lifecycle.md,Field,ShowingAvailability.ShowingId,265
showing-lifecycle.md,Field,ShowingAvailability.ShowingKey,266
showing-lifecycle.md,Field,ShowingAvailability.ShowingMaximumDuration,261
showing-lifecycle.md,Field,ShowingAvailability.ShowingMethod,262
showing-lifecycle.md,Field,ShowingAvailability.ShowingMinimumDuration,260
showing-lifecycle.md,Field,ShowingAvailability.UniqueOrganizationIdentifier,264
showing-lifecycle.md,Field,ShowingAvailability.UniversalPropertyId,263
showing-lifecycle.md,Field,ShowingRequest.ShowingAgentKey,279
showing-lifecycle.md,Field,ShowingRequest.ShowingAgentMlsId,280
showing-lifecycle.md,Field,ShowingRequest.ShowingId,269
showing-lifecycle.md,Field,ShowingRequest.ShowingKey,270
showing-lifecycle.md,Field,ShowingRequest.ShowingMethodRequest,275
showing-lifecycle.md,Field,ShowingRequest.ShowingRequestDate,271
showing-lifecycle.md,Field,ShowingRequest.ShowingRequestDuration,274
showing-lifecycle.md,Field,ShowingRequest.ShowingRequestEndTime,273
showing-lifecycle.md,Field,ShowingRequest.ShowingRequestId,268
showing-lifecycle.md,Field,ShowingRequest.ShowingRequestKey,267
showing-lifecycle.md,Field,ShowingRequest.ShowingRequestNotes,278
showing-lifecycle.md,Field,ShowingRequest.ShowingRequestStartTime,272
showing-lifecycle.md,Field,ShowingRequest.ShowingRequestType,276
showing-lifecycle.md,Field,ShowingRequest.ShowingRequestor,277
showing-lifecycle.md,LookupValue,LockOrBoxAccessType.App,354
showing-lifecycle.md,LookupValue,LockOrBoxAccessType.Card,353
showing-lifecycle.md,LookupValue,LockOrBoxAccessType.Code,352
showing-lifecycle.md,LookupValue,ShowingAppointmentMethod.In-Person,336
showing-lifecycle.md,LookupValue,ShowingAppointmentMethod.Other,338
showing-lifecycle.md,LookupValue,ShowingAppointmentMethod.Virtual,337
showing-lifecycle.md,LookupValue,ShowingAppointmentStatus.Cancelled,329
showing-lifecycle.md,LookupValue,ShowingAppointmentStatus.Confirmed,327
showing-lifecycle.md,LookupValue,ShowingAppointmentStatus.Denied,328
showing-lifecycle.md,LookupValue,ShowingAppointmentStatus.Pending,326
showing-lifecycle.md,LookupValue,ShowingMethod.In-Person,330
showing-lifecycle.md,LookupValue,ShowingMethod.Other,332
showing-lifecycle.md,LookupValue,ShowingMethod.Virtual,331
showing-lifecycle.md,LookupValue,ShowingMethodRequest.In-Person,333
showing-lifecycle.md,LookupValue,ShowingMethodRequest.Other,335
showing-lifecycle.md,LookupValue,ShowingMethodRequest.Virtual,334
showing-lifecycle.md,LookupValue,ShowingRequestType.Broker Preview,343
showing-lifecycle.md,LookupValue,ShowingRequestType.Broker Price Opinion,344
showing-lifecycle.md,LookupValue,ShowingRequestType.First,339
showing-lifecycle.md,LookupValue,ShowingRequestType.Inspection,341
showing-lifecycle.md,LookupValue,ShowingRequestType.Second,340
showing-lifecycle.md,LookupValue,ShowingRequestType.Walk-through,342
showing-lifecycle.md,LookupValue,ShowingRequestor.Agent,345
showing-lifecycle.md,LookupValue,ShowingRequestor.Consumer,346
showing-lifecycle.md,LookupValue,ShowingRequestor.Owner,347
showing-lifecycle.md,LookupValue,ShowingStatus.Accepting Requests,348
showing-lifecycle.md,LookupValue,ShowingStatus.No Showings,350
showing-lifecycle.md,LookupValue,ShowingStatus.On Hold,349
showing-lifecycle.md,LookupValue,ShowingStatus.Restricted Showings,351
showing-lifecycle.md,Resource,LockOrBox,255
showing-lifecycle.md,Resource,Showing,254
showing-lifecycle.md,Resource,ShowingAppointment,253
showing-lifecycle.md,Resource,ShowingAvailability,251
showing-lifecycle.md,Resource,ShowingRequest,252
team-lifecycle.md,Field,TeamMembers.Member,182
team-lifecycle.md,Field,TeamMembers.MemberKey,183
team-lifecycle.md,Field,TeamMembers.MemberLoginId,185
team-lifecycle.md,Field,TeamMembers.MemberMlsId,184
team-lifecycle.md,Field,TeamMembers.ModificationTimestamp,191
team-lifecycle.md,Field,TeamMembers.OriginalEntryTimestamp,190
team-lifecycle.md,Field,TeamMembers.OriginatingSystemKey,192
team-lifecycle.md,Field,TeamMembers.SourceSystemKey,193
team-lifecycle.md,Field,TeamMembers.TeamImpersonationLevel,189
team-lifecycle.md,Field,TeamMembers.TeamKey,181
team-lifecycle.md,Field,TeamMembers.TeamMemberKey,180
team-lifecycle.md,Field,TeamMembers.TeamMemberNationalAssociationId,188
team-lifecycle.md,Field,TeamMembers.TeamMemberStateLicense,187
team-lifecycle.md,Field,TeamMembers.TeamMemberType,186
team-lifecycle.md,Field,Teams.ModificationTimestamp,177
team-lifecycle.md,Field,Teams.OriginalEntryTimestamp,176
team-lifecycle.md,Field,Teams.OriginatingSystemKey,178
team-lifecycle.md,Field,Teams.SourceSystemKey,179
team-lifecycle.md,Field,Teams.TeamAddress1,172
team-lifecycle.md,Field,Teams.TeamCity,173
team-lifecycle.md,Field,Teams.TeamDescription,159
team-lifecycle.md,Field,Teams.TeamEmail,168
team-lifecycle.md,Field,Teams.TeamKey,157
team-lifecycle.md,Field,Teams.TeamLead,161
team-lifecycle.md,Field,Teams.TeamLeadKey,162
team-lifecycle.md,Field,Teams.TeamLeadLoginId,164
team-lifecycle.md,Field,Teams.TeamLeadMlsId,163
team-lifecycle.md,Field,Teams.TeamLeadNationalAssociationId,167
team-lifecycle.md,Field,Teams.TeamLeadStateLicense,165
team-lifecycle.md,Field,Teams.TeamLeadStateLicenseState,166
team-lifecycle.md,Field,Teams.TeamMobilePhone,169
team-lifecycle.md,Field,Teams.TeamName,158
team-lifecycle.md,Field,Teams.TeamOfficePhone,170
team-lifecycle.md,Field,Teams.TeamPostalCode,175
team-lifecycle.md,Field,Teams.TeamPreferredPhone,171
team-lifecycle.md,Field,Teams.TeamStateOrProvince,174
team-lifecycle.md,Field,Teams.TeamStatus,160
team-lifecycle.md,LookupValue,TeamMemberType.Administration Assistant,204
team-lifecycle.md,LookupValue,TeamMemberType.Buyer Agent,199
team-lifecycle.md,LookupValue,TeamMemberType.Lead Manager,203
team-lifecycle.md,LookupValue,TeamMemberType.Listing Agent,198
team-lifecycle.md,LookupValue,TeamMemberType.Marketing Assistant,205
team-lifecycle.md,LookupValue,TeamMemberType.Operations Manager,201
team-lifecycle.md,LookupValue,TeamMemberType.Showing Agent,200
team-lifecycle.md,LookupValue,TeamMemberType.Team Lead,196
team-lifecycle.md,LookupValue,TeamMemberType.Team Member,197
team-lifecycle.md,LookupValue,TeamMemberType.Transaction Coordinator,202
team-lifecycle.md,LookupValue,TeamStatus.Active,194
team-lifecycle.md,LookupValue,TeamStatus.Inactive,195
team-lifecycle.md,Resource,TeamMembers,156
team-lifecycle.md,Resource,Teams,155
transaction-lifecycle.md,Field,HistoryTransactional.ChangeType,240
transaction-lifecycle.md,Field,HistoryTransactional.ChangedByMember,241
transaction-lifecycle.md,Field,HistoryTransactional.ChangedByMemberID,242
transaction-lifecycle.md,Field,HistoryTransactional.ChangedByMemberKey,243
transaction-lifecycle.md,Field,HistoryTransactional.ClassName,237
transaction-lifecycle.md,Field,HistoryTransactional.EntityEventSequence,244
transaction-lifecycle.md,Field,HistoryTransactional.FieldKey,236
transaction-lifecycle.md,Field,HistoryTransactional.FieldName,235
transaction-lifecycle.md,Field,HistoryTransactional.HistoryTransactionalKey,231
transaction-lifecycle.md,Field,HistoryTransactional.ModificationTimestamp,245
transaction-lifecycle.md,Field,HistoryTransactional.NewValue,239
transaction-lifecycle.md,Field,HistoryTransactional.OriginatingSystem,246
transaction-lifecycle.md,Field,HistoryTransactional.OriginatingSystemHistoryKey,247
transaction-lifecycle.md,Field,HistoryTransactional.PreviousValue,238
transaction-lifecycle.md,Field,HistoryTransactional.ResourceName,232
transaction-lifecycle.md,Field,HistoryTransactional.ResourceRecordID,234
transaction-lifecycle.md,Field,HistoryTransactional.ResourceRecordKey,233
transaction-lifecycle.md,Field,HistoryTransactional.SourceSystem,248
transaction-lifecycle.md,Field,HistoryTransactional.SourceSystemHistoryKey,249
transaction-lifecycle.md,Field,Property.CloseDate,252
transaction-lifecycle.md,Field,Property.ListingId,256
transaction-lifecycle.md,Field,Property.ListingKey,257
transaction-lifecycle.md,Field,Property.MlsStatus,251
transaction-lifecycle.md,Field,Property.ModificationTimestamp,255
transaction-lifecycle.md,Field,Property.OffMarketDate,253
transaction-lifecycle.md,Field,Property.StandardStatus,250
transaction-lifecycle.md,Field,Property.StatusChangeTimestamp,254
transaction-lifecycle.md,Field,TransactionManagement.ModificationTimestamp,230
transaction-lifecycle.md,Field,TransactionManagement.TransactionId,228
transaction-lifecycle.md,Field,TransactionManagement.TransactionKey,227
transaction-lifecycle.md,Field,TransactionManagement.TransactionType,229
transaction-lifecycle.md,LookupValue,ChangeType.Active,269
transaction-lifecycle.md,LookupValue,ChangeType.Active Under Contract,272
transaction-lifecycle.md,LookupValue,ChangeType.Back On Market,278
transaction-lifecycle.md,LookupValue,ChangeType.Canceled,276
transaction-lifecycle.md,LookupValue,ChangeType.Closed,273
transaction-lifecycle.md,LookupValue,ChangeType.Coming Soon,270
transaction-lifecycle.md,LookupValue,ChangeType.Deleted,280
transaction-lifecycle.md,LookupValue,ChangeType.Expired,277
transaction-lifecycle.md,LookupValue,ChangeType.Hold,274
transaction-lifecycle.md,LookupValue,ChangeType.New Listing,268
transaction-lifecycle.md,LookupValue,ChangeType.Pending,271
transaction-lifecycle.md,LookupValue,ChangeType.Price Change,279
transaction-lifecycle.md,LookupValue,ChangeType.Withdrawn,275
transaction-lifecycle.md,LookupValue,ResourceName.Association,267
transaction-lifecycle.md,LookupValue,ResourceName.Contacts,266
transaction-lifecycle.md,LookupValue,ResourceName.Member,264
transaction-lifecycle.md,LookupValue,ResourceName.Office,265
transaction-lifecycle.md,LookupValue,ResourceName.Property,263
transaction-lifecycle.md,LookupValue,StandardStatus.Active,283
transaction-lifecycle.md,LookupValue,StandardStatus.Closed,282
transaction-lifecycle.md,LookupValue,StandardStatus.Pending,281
transaction-lifecycle.md,LookupValue,TransactionType.Lease Offer,261
transaction-lifecycle.md,LookupValue,TransactionType.Listing for Lease,259
transaction-lifecycle.md,LookupValue,TransactionType.Listing for Sale,258
transaction-lifecycle.md,LookupValue,TransactionType.Other,262
transaction-lifecycle.md,LookupValue,TransactionType.Purchase Offer,260
transaction-lifecycle.md,Resource,HistoryTransactional,225
transaction-lifecycle.md,Resource,Property,226
transaction-lifecycle.md,Resource,TransactionManagement,224
