LookupName,ValueCount,UsedByCount,UsedByJson,FetchedAt,Source,SourceUrl
AccessibilityFeatures,35,1,"[{""Resource"":""Property"",""Field"":""AccessibilityFeatures"",""DisplayName"":""Accessibility Features"",""Usage"":""73%""}]",2026-05-04T15:52:52Z,dd.reso.org/DD2.0,https://dd.reso.org/DD2.0/lookups/AccessibilityFeatures/
ActorType,5,1,"[{""Resource"":""InternetTracking"",""Field"":""ActorType"",""DisplayName"":""Actor Type"",""Usage"":""—""}]",2026-05-04T15:52:52Z,dd.reso.org/DD2.0,https://dd.reso.org/DD2.0/lookups/ActorType/
Appliances,75,1,"[{""Resource"":""Property"",""Field"":""Appliances"",""DisplayName"":""Appliances"",""Usage"":""89%""}]",2026-05-04T15:52:52Z,dd.reso.org/DD2.0,https://dd.reso.org/DD2.0/lookups/Appliances/
ArchitecturalStyle,44,1,"[{""Resource"":""Property"",""Field"":""ArchitecturalStyle"",""DisplayName"":""Architectural Style"",""Usage"":""90%""}]",2026-05-04T15:52:52Z,dd.reso.org/DD2.0,https://dd.reso.org/DD2.0/lookups/ArchitecturalStyle/
AreaSource,9,8,"[{""Resource"":""Property"",""Field"":""AboveGradeFinishedAreaSource"",""DisplayName"":""Above Grade Finished Area Source"",""Usage"":""9%""},{""Resource"":""Property"",""Field"":""AboveGradeUnfinishedAreaSource"",""DisplayName"":""Above Grade Unfinished Area Source"",""Usage"":""0%""},{""Resource"":""Property"",""Field"":""BelowGradeFinishedAreaSource"",""DisplayName"":""Below Grade Finished Area Source"",""Usage"":""8%""},{""Resource"":""Property"",""Field"":""BelowGradeUnfinishedAreaSource"",""DisplayName"":""Below Grade Unfinished Area Source"",""Usage"":""0%""},{""Resource"":""Property"",""Field"":""BuildingAreaSource"",""DisplayName"":""Building Area Source"",""Usage"":""47%""},{""Resource"":""Property"",""Field"":""FarmLandAreaSource"",""DisplayName"":""Farm Land Area Source"",""Usage"":""1%""},{""Resource"":""Property"",""Field"":""LivingAreaSource"",""DisplayName"":""Living Area Source"",""Usage"":""51%""},{""Resource"":""PropertyRooms"",""Field"":""RoomAreaSource"",""DisplayName"":""Room Area Source"",""Usage"":""1%""}]",2026-05-04T15:52:52Z,dd.reso.org/DD2.0,https://dd.reso.org/DD2.0/lookups/AreaSource/
AreaUnits,2,9,"[{""Resource"":""Property"",""Field"":""AboveGradeFinishedAreaUnits"",""DisplayName"":""Above Grade Finished Area Units"",""Usage"":""12%""},{""Resource"":""Property"",""Field"":""AboveGradeUnfinishedAreaUnits"",""DisplayName"":""Above Grade Unfinished Area Units"",""Usage"":""1%""},{""Resource"":""Property"",""Field"":""BelowGradeFinishedAreaUnits"",""DisplayName"":""Below Grade Finished Area Units"",""Usage"":""15%""},{""Resource"":""Property"",""Field"":""BelowGradeUnfinishedAreaUnits"",""DisplayName"":""Below Grade Unfinished Area Units"",""Usage"":""1%""},{""Resource"":""Property"",""Field"":""BuildingAreaUnits"",""DisplayName"":""Building Area Units"",""Usage"":""40%""},{""Resource"":""Property"",""Field"":""FarmLandAreaUnits"",""DisplayName"":""Farm Land Area Units"",""Usage"":""11%""},{""Resource"":""Property"",""Field"":""LeasableAreaUnits"",""DisplayName"":""Leasable Area Units"",""Usage"":""9%""},{""Resource"":""Property"",""Field"":""LivingAreaUnits"",""DisplayName"":""Living Area Units"",""Usage"":""39%""},{""Resource"":""PropertyRooms"",""Field"":""RoomAreaUnits"",""DisplayName"":""Room Area Units"",""Usage"":""4%""}]",2026-05-04T15:52:52Z,dd.reso.org/DD2.0,https://dd.reso.org/DD2.0/lookups/AreaUnits/
AssociationAmenities,76,1,"[{""Resource"":""Property"",""Field"":""AssociationAmenities"",""DisplayName"":""Association Amenities"",""Usage"":""56%""}]",2026-05-04T15:52:53Z,dd.reso.org/DD2.0,https://dd.reso.org/DD2.0/lookups/AssociationAmenities/
AssociationFeeIncludes,15,1,"[{""Resource"":""Property"",""Field"":""AssociationFeeIncludes"",""DisplayName"":""Association Fee Includes"",""Usage"":""59%""}]",2026-05-04T15:52:52Z,dd.reso.org/DD2.0,https://dd.reso.org/DD2.0/lookups/AssociationFeeIncludes/
AssociationStatus,2,1,"[{""Resource"":""Association"",""Field"":""AssociationStatus"",""DisplayName"":""Association Status"",""Usage"":""—""}]",2026-05-04T15:52:52Z,dd.reso.org/DD2.0,https://dd.reso.org/DD2.0/lookups/AssociationStatus/
AssociationType,3,1,"[{""Resource"":""Association"",""Field"":""AssociationType"",""DisplayName"":""Association Type"",""Usage"":""—""}]",2026-05-04T15:52:53Z,dd.reso.org/DD2.0,https://dd.reso.org/DD2.0/lookups/AssociationType/
Attended,3,1,"[{""Resource"":""OpenHouse"",""Field"":""OpenHouseAttendedBy"",""DisplayName"":""Open House Attended By"",""Usage"":""1%""}]",2026-05-04T15:52:53Z,dd.reso.org/DD2.0,https://dd.reso.org/DD2.0/lookups/Attended/
Basement,24,1,"[{""Resource"":""Property"",""Field"":""Basement"",""DisplayName"":""Basement"",""Usage"":""71%""}]",2026-05-04T15:52:53Z,dd.reso.org/DD2.0,https://dd.reso.org/DD2.0/lookups/Basement/
BillingPreference,3,1,"[{""Resource"":""Member"",""Field"":""MemberBillingPreference"",""DisplayName"":""Member Billing Preference"",""Usage"":""—""}]",2026-05-04T15:52:53Z,dd.reso.org/DD2.0,https://dd.reso.org/DD2.0/lookups/BillingPreference/
BodyType,7,1,"[{""Resource"":""Property"",""Field"":""BodyType"",""DisplayName"":""Body Type"",""Usage"":""42%""}]",2026-05-04T15:52:53Z,dd.reso.org/DD2.0,https://dd.reso.org/DD2.0/lookups/BodyType/
BusinessType,109,1,"[{""Resource"":""Property"",""Field"":""BusinessType"",""DisplayName"":""Business Type"",""Usage"":""67%""}]",2026-05-04T15:52:53Z,dd.reso.org/DD2.0,https://dd.reso.org/DD2.0/lookups/BusinessType/
BuyerAgentDesignation,27,1,"[{""Resource"":""Property"",""Field"":""BuyerAgentDesignation"",""DisplayName"":""Buyer Agent Designation"",""Usage"":""30%""}]",2026-05-04T15:52:53Z,dd.reso.org/DD2.0,https://dd.reso.org/DD2.0/lookups/BuyerAgentDesignation/
BuyerFinancing,13,1,"[{""Resource"":""Property"",""Field"":""BuyerFinancing"",""DisplayName"":""Buyer Financing"",""Usage"":""53%""}]",2026-05-04T15:52:53Z,dd.reso.org/DD2.0,https://dd.reso.org/DD2.0/lookups/BuyerFinancing/
CaravanAllowedClassNames,9,1,"[{""Resource"":""Caravan"",""Field"":""CaravanAllowedClassNames"",""DisplayName"":""Caravan Allowed Class Names"",""Usage"":""—""}]",2026-05-04T15:52:53Z,dd.reso.org/DD2.0,https://dd.reso.org/DD2.0/lookups/CaravanAllowedClassNames/
CaravanAllowedStatuses,3,1,"[{""Resource"":""Caravan"",""Field"":""CaravanAllowedStatuses"",""DisplayName"":""Caravan Allowed Statuses"",""Usage"":""—""}]",2026-05-04T15:52:53Z,dd.reso.org/DD2.0,https://dd.reso.org/DD2.0/lookups/CaravanAllowedStatuses/
CaravanResourceName,7,2,"[{""Resource"":""Caravan"",""Field"":""CaravanOrganizerResourceName"",""DisplayName"":""Caravan Organizer Resource Name"",""Usage"":""—""},{""Resource"":""CaravanStop"",""Field"":""StopResourceName"",""DisplayName"":""Stop Resource Name"",""Usage"":""—""}]",2026-05-04T15:52:53Z,dd.reso.org/DD2.0,https://dd.reso.org/DD2.0/lookups/CaravanResourceName/
CaravanStatus,3,1,"[{""Resource"":""Caravan"",""Field"":""CaravanStatus"",""DisplayName"":""Caravan Status"",""Usage"":""—""}]",2026-05-04T15:52:53Z,dd.reso.org/DD2.0,https://dd.reso.org/DD2.0/lookups/CaravanStatus/
CaravanStopAttended,3,1,"[{""Resource"":""CaravanStop"",""Field"":""StopAttendedBy"",""DisplayName"":""Stop Attended By"",""Usage"":""—""}]",2026-05-04T15:52:53Z,dd.reso.org/DD2.0,https://dd.reso.org/DD2.0/lookups/CaravanStopAttended/
CaravanStopClassName,9,1,"[{""Resource"":""CaravanStop"",""Field"":""StopClassName"",""DisplayName"":""Stop Class Name"",""Usage"":""—""}]",2026-05-04T15:52:53Z,dd.reso.org/DD2.0,https://dd.reso.org/DD2.0/lookups/CaravanStopClassName/
CaravanType,3,1,"[{""Resource"":""Caravan"",""Field"":""CaravanType"",""DisplayName"":""Caravan Type"",""Usage"":""—""}]",2026-05-04T15:52:53Z,dd.reso.org/DD2.0,https://dd.reso.org/DD2.0/lookups/CaravanType/
ChangeType,13,2,"[{""Resource"":""Property"",""Field"":""MajorChangeType"",""DisplayName"":""Major Change Type"",""Usage"":""59%""},{""Resource"":""HistoryTransactional"",""Field"":""ChangeType"",""DisplayName"":""Change Type"",""Usage"":""12%""}]",2026-05-04T15:52:53Z,dd.reso.org/DD2.0,https://dd.reso.org/DD2.0/lookups/ChangeType/
ClassName,17,8,"[{""Resource"":""ContactListings"",""Field"":""ClassName"",""DisplayName"":""Class Name"",""Usage"":""—""},{""Resource"":""HistoryTransactional"",""Field"":""ClassName"",""DisplayName"":""Class Name"",""Usage"":""—""},{""Resource"":""Media"",""Field"":""ClassName"",""DisplayName"":""Class Name"",""Usage"":""8%""},{""Resource"":""OtherPhone"",""Field"":""ClassName"",""DisplayName"":""Class Name"",""Usage"":""—""},{""Resource"":""Queue"",""Field"":""ClassName"",""DisplayName"":""Class Name"",""Usage"":""—""},{""Resource"":""Rules"",""Field"":""ClassName"",""DisplayName"":""Class Name"",""Usage"":""—""},{""Resource"":""SavedSearch"",""Field"":""ClassName"",""DisplayName"":""Class Name"",""Usage"":""—""},{""Resource"":""SocialMedia"",""Field"":""ClassName"",""DisplayName"":""Class Name"",""Usage"":""0%""}]",2026-05-04T15:52:53Z,dd.reso.org/DD2.0,https://dd.reso.org/DD2.0/lookups/ClassName/
ClosetType,3,1,"[{""Resource"":""PropertyRooms"",""Field"":""BedroomClosetType"",""DisplayName"":""Bedroom Closet Type"",""Usage"":""—""}]",2026-05-04T15:52:53Z,dd.reso.org/DD2.0,https://dd.reso.org/DD2.0/lookups/ClosetType/
CoBuyerAgentDesignation,27,1,"[{""Resource"":""Property"",""Field"":""CoBuyerAgentDesignation"",""DisplayName"":""Co-Buyer Agent Designation"",""Usage"":""29%""}]",2026-05-04T15:52:53Z,dd.reso.org/DD2.0,https://dd.reso.org/DD2.0/lookups/CoBuyerAgentDesignation/
CoListAgentDesignation,27,1,"[{""Resource"":""Property"",""Field"":""CoListAgentDesignation"",""DisplayName"":""Co-List Agent Designation"",""Usage"":""29%""}]",2026-05-04T15:52:53Z,dd.reso.org/DD2.0,https://dd.reso.org/DD2.0/lookups/CoListAgentDesignation/
CommonInterest,6,1,"[{""Resource"":""Property"",""Field"":""CommonInterest"",""DisplayName"":""Common Interest"",""Usage"":""12%""}]",2026-05-04T15:52:54Z,dd.reso.org/DD2.0,https://dd.reso.org/DD2.0/lookups/CommonInterest/
CommonWalls,6,1,"[{""Resource"":""Property"",""Field"":""CommonWalls"",""DisplayName"":""Common Walls"",""Usage"":""25%""}]",2026-05-04T15:52:54Z,dd.reso.org/DD2.0,https://dd.reso.org/DD2.0/lookups/CommonWalls/
CommunityFeatures,21,1,"[{""Resource"":""Property"",""Field"":""CommunityFeatures"",""DisplayName"":""Community Features"",""Usage"":""63%""}]",2026-05-04T15:52:54Z,dd.reso.org/DD2.0,https://dd.reso.org/DD2.0/lookups/CommunityFeatures/
CompensationType,4,3,"[{""Resource"":""Property"",""Field"":""BuyerBrokerageCompensationType"",""DisplayName"":""Buyer Brokerage Compensation Type"",""Usage"":""3%""},{""Resource"":""Property"",""Field"":""SubAgencyCompensationType"",""DisplayName"":""Sub Agency Compensation Type"",""Usage"":""23%""},{""Resource"":""Property"",""Field"":""TransactionBrokerCompensationType"",""DisplayName"":""Transaction Broker Compensation Type"",""Usage"":""19%""}]",2026-05-04T15:52:54Z,dd.reso.org/DD2.0,https://dd.reso.org/DD2.0/lookups/CompensationType/
Concessions,3,1,"[{""Resource"":""Property"",""Field"":""Concessions"",""DisplayName"":""Concessions"",""Usage"":""39%""}]",2026-05-04T15:52:54Z,dd.reso.org/DD2.0,https://dd.reso.org/DD2.0/lookups/Concessions/
ConstructionMaterials,54,1,"[{""Resource"":""Property"",""Field"":""ConstructionMaterials"",""DisplayName"":""Construction Materials"",""Usage"":""89%""}]",2026-05-04T15:52:54Z,dd.reso.org/DD2.0,https://dd.reso.org/DD2.0/lookups/ConstructionMaterials/
ContactListingPreference,3,1,"[{""Resource"":""ContactListings"",""Field"":""ContactListingPreference"",""DisplayName"":""Contact Listing Preference"",""Usage"":""—""}]",2026-05-04T15:52:54Z,dd.reso.org/DD2.0,https://dd.reso.org/DD2.0/lookups/ContactListingPreference/
ContactStatus,4,1,"[{""Resource"":""Contacts"",""Field"":""ContactStatus"",""DisplayName"":""Contact Status"",""Usage"":""—""}]",2026-05-04T15:52:54Z,dd.reso.org/DD2.0,https://dd.reso.org/DD2.0/lookups/ContactStatus/
ContactType,22,1,"[{""Resource"":""Contacts"",""Field"":""ContactType"",""DisplayName"":""Contact Type"",""Usage"":""—""}]",2026-05-04T15:52:54Z,dd.reso.org/DD2.0,https://dd.reso.org/DD2.0/lookups/ContactType/
Cooling,24,1,"[{""Resource"":""Property"",""Field"":""Cooling"",""DisplayName"":""Cooling"",""Usage"":""90%""}]",2026-05-04T15:52:54Z,dd.reso.org/DD2.0,https://dd.reso.org/DD2.0/lookups/Cooling/
Country,246,12,"[{""Resource"":""Property"",""Field"":""Country"",""DisplayName"":""Country"",""Usage"":""41%""},{""Resource"":""Association"",""Field"":""AssociationCountry"",""DisplayName"":""Association Country"",""Usage"":""—""},{""Resource"":""Association"",""Field"":""AssociationMailCountry"",""DisplayName"":""Association Mail Country"",""Usage"":""—""},{""Resource"":""Contacts"",""Field"":""HomeCountry"",""DisplayName"":""Home Country"",""Usage"":""—""},{""Resource"":""Contacts"",""Field"":""OtherCountry"",""DisplayName"":""Other Country"",""Usage"":""—""},{""Resource"":""Contacts"",""Field"":""WorkCountry"",""DisplayName"":""Work Country"",""Usage"":""—""},{""Resource"":""LockOrBox"",""Field"":""ListingCountry"",""DisplayName"":""Listing Country"",""Usage"":""—""},{""Resource"":""Member"",""Field"":""MemberCountry"",""DisplayName"":""Member Country"",""Usage"":""31%""},{""Resource"":""Office"",""Field"":""OfficeCountry"",""DisplayName"":""Office Country"",""Usage"":""3%""},{""Resource"":""Office"",""Field"":""OfficeMailCountry"",""DisplayName"":""Office Mail Country"",""Usage"":""1%""},{""Resource"":""OUID"",""Field"":""OrganizationCountry"",""DisplayName"":""Organization Country"",""Usage"":""0%""},{""Resource"":""Teams"",""Field"":""TeamCountry"",""DisplayName"":""Team Country"",""Usage"":""—""}]",2026-05-04T15:52:54Z,dd.reso.org/DD2.0,https://dd.reso.org/DD2.0/lookups/Country/
CurrentFinancing,15,1,"[{""Resource"":""Property"",""Field"":""CurrentFinancing"",""DisplayName"":""Current Financing"",""Usage"":""26%""}]",2026-05-04T15:52:54Z,dd.reso.org/DD2.0,https://dd.reso.org/DD2.0/lookups/CurrentFinancing/
CurrentOrPossibleUse,43,2,"[{""Resource"":""Property"",""Field"":""CurrentUse"",""DisplayName"":""Current Use"",""Usage"":""63%""},{""Resource"":""Property"",""Field"":""PossibleUse"",""DisplayName"":""Possible Use"",""Usage"":""49%""}]",2026-05-04T15:52:54Z,dd.reso.org/DD2.0,https://dd.reso.org/DD2.0/lookups/CurrentOrPossibleUse/
DailySchedule,15,1,"[{""Resource"":""Prospecting"",""Field"":""DailySchedule"",""DisplayName"":""Daily Schedule"",""Usage"":""—""}]",2026-05-04T15:52:54Z,dd.reso.org/DD2.0,https://dd.reso.org/DD2.0/lookups/DailySchedule/
DevelopmentStatus,10,1,"[{""Resource"":""Property"",""Field"":""DevelopmentStatus"",""DisplayName"":""Development Status"",""Usage"":""28%""}]",2026-05-04T15:52:54Z,dd.reso.org/DD2.0,https://dd.reso.org/DD2.0/lookups/DevelopmentStatus/
DeviceType,5,1,"[{""Resource"":""InternetTracking"",""Field"":""DeviceType"",""DisplayName"":""Device Type"",""Usage"":""—""}]",2026-05-04T15:52:54Z,dd.reso.org/DD2.0,https://dd.reso.org/DD2.0/lookups/DeviceType/
DirectionFaces,8,1,"[{""Resource"":""Property"",""Field"":""DirectionFaces"",""DisplayName"":""Direction Faces"",""Usage"":""24%""}]",2026-05-04T15:52:54Z,dd.reso.org/DD2.0,https://dd.reso.org/DD2.0/lookups/DirectionFaces/
DocumentStatus,16,1,"[{""Resource"":""Property"",""Field"":""DocumentStatus"",""DisplayName"":""Document Status"",""Usage"":""—""}]",2026-05-04T15:52:54Z,dd.reso.org/DD2.0,https://dd.reso.org/DD2.0/lookups/DocumentStatus/
DoorFeatures,5,1,"[{""Resource"":""Property"",""Field"":""DoorFeatures"",""DisplayName"":""Door Features"",""Usage"":""51%""}]",2026-05-04T15:52:54Z,dd.reso.org/DD2.0,https://dd.reso.org/DD2.0/lookups/DoorFeatures/
Electric,18,1,"[{""Resource"":""Property"",""Field"":""Electric"",""DisplayName"":""Electric"",""Usage"":""66%""}]",2026-05-04T15:52:54Z,dd.reso.org/DD2.0,https://dd.reso.org/DD2.0/lookups/Electric/
EventSource,6,1,"[{""Resource"":""InternetTracking"",""Field"":""EventSource"",""DisplayName"":""Event Source"",""Usage"":""—""}]",2026-05-04T15:52:54Z,dd.reso.org/DD2.0,https://dd.reso.org/DD2.0/lookups/EventSource/
EventTarget,21,1,"[{""Resource"":""InternetTracking"",""Field"":""EventTarget"",""DisplayName"":""Event Target"",""Usage"":""—""}]",2026-05-04T15:52:54Z,dd.reso.org/DD2.0,https://dd.reso.org/DD2.0/lookups/EventTarget/
EventType,20,1,"[{""Resource"":""InternetTracking"",""Field"":""EventType"",""DisplayName"":""Event Type"",""Usage"":""—""}]",2026-05-04T15:52:54Z,dd.reso.org/DD2.0,https://dd.reso.org/DD2.0/lookups/EventType/
ExistingLeaseType,9,2,"[{""Resource"":""Property"",""Field"":""AvailableLeaseType"",""DisplayName"":""Available Lease Type"",""Usage"":""3%""},{""Resource"":""Property"",""Field"":""ExistingLeaseType"",""DisplayName"":""Existing Lease Type"",""Usage"":""43%""}]",2026-05-04T15:52:55Z,dd.reso.org/DD2.0,https://dd.reso.org/DD2.0/lookups/ExistingLeaseType/
ExteriorFeatures,37,1,"[{""Resource"":""Property"",""Field"":""ExteriorFeatures"",""DisplayName"":""Exterior Features"",""Usage"":""85%""}]",2026-05-04T15:52:55Z,dd.reso.org/DD2.0,https://dd.reso.org/DD2.0/lookups/ExteriorFeatures/
FeeFrequency,11,4,"[{""Resource"":""Property"",""Field"":""AssociationFee2Frequency"",""DisplayName"":""Association Fee 2 Frequency"",""Usage"":""18%""},{""Resource"":""Property"",""Field"":""AssociationFeeFrequency"",""DisplayName"":""Association Fee Frequency"",""Usage"":""72%""},{""Resource"":""Property"",""Field"":""LandLeaseAmountFrequency"",""DisplayName"":""Land Lease Amount Frequency"",""Usage"":""7%""},{""Resource"":""Property"",""Field"":""LeaseAmountFrequency"",""DisplayName"":""Lease Amount Frequency"",""Usage"":""15%""}]",2026-05-04T15:52:55Z,dd.reso.org/DD2.0,https://dd.reso.org/DD2.0/lookups/FeeFrequency/
Fencing,29,1,"[{""Resource"":""Property"",""Field"":""Fencing"",""DisplayName"":""Fencing"",""Usage"":""78%""}]",2026-05-04T15:52:55Z,dd.reso.org/DD2.0,https://dd.reso.org/DD2.0/lookups/Fencing/
FhaEligibility,5,1,"[{""Resource"":""Property"",""Field"":""FhaEligibility"",""DisplayName"":""FHA Eligibility"",""Usage"":""—""}]",2026-05-04T15:52:55Z,dd.reso.org/DD2.0,https://dd.reso.org/DD2.0/lookups/FhaEligibility/
FinancialDataSource,3,1,"[{""Resource"":""Property"",""Field"":""FinancialDataSource"",""DisplayName"":""Financial Data Source"",""Usage"":""12%""}]",2026-05-04T15:52:55Z,dd.reso.org/DD2.0,https://dd.reso.org/DD2.0/lookups/FinancialDataSource/
FireplaceFeatures,44,1,"[{""Resource"":""Property"",""Field"":""FireplaceFeatures"",""DisplayName"":""Fireplace Features"",""Usage"":""81%""}]",2026-05-04T15:52:55Z,dd.reso.org/DD2.0,https://dd.reso.org/DD2.0/lookups/FireplaceFeatures/
Flooring,39,1,"[{""Resource"":""Property"",""Field"":""Flooring"",""DisplayName"":""Flooring"",""Usage"":""84%""}]",2026-05-04T15:52:55Z,dd.reso.org/DD2.0,https://dd.reso.org/DD2.0/lookups/Flooring/
FoundationDetails,12,1,"[{""Resource"":""Property"",""Field"":""FoundationDetails"",""DisplayName"":""Foundation Details"",""Usage"":""78%""}]",2026-05-04T15:52:55Z,dd.reso.org/DD2.0,https://dd.reso.org/DD2.0/lookups/FoundationDetails/
FrontageType,9,1,"[{""Resource"":""Property"",""Field"":""FrontageType"",""DisplayName"":""Frontage Type"",""Usage"":""35%""}]",2026-05-04T15:52:55Z,dd.reso.org/DD2.0,https://dd.reso.org/DD2.0/lookups/FrontageType/
Furnished,4,2,"[{""Resource"":""Property"",""Field"":""Furnished"",""DisplayName"":""Furnished"",""Usage"":""54%""},{""Resource"":""PropertyUnitTypes"",""Field"":""UnitTypeFurnished"",""DisplayName"":""Unit Type Furnished"",""Usage"":""5%""}]",2026-05-04T15:52:55Z,dd.reso.org/DD2.0,https://dd.reso.org/DD2.0/lookups/Furnished/
GreenBuildingVerificationType,18,2,"[{""Resource"":""Property"",""Field"":""GreenBuildingVerificationType"",""DisplayName"":""Green Building Verification Type"",""Usage"":""23%""},{""Resource"":""PropertyGreenVerification"",""Field"":""GreenBuildingVerificationType"",""DisplayName"":""Green Building Verification Type"",""Usage"":""2%""}]",2026-05-04T15:52:55Z,dd.reso.org/DD2.0,https://dd.reso.org/DD2.0/lookups/GreenBuildingVerificationType/
GreenEnergyEfficient,12,1,"[{""Resource"":""Property"",""Field"":""GreenEnergyEfficient"",""DisplayName"":""Green Energy Efficient"",""Usage"":""47%""}]",2026-05-04T15:52:55Z,dd.reso.org/DD2.0,https://dd.reso.org/DD2.0/lookups/GreenEnergyEfficient/
GreenEnergyGeneration,2,1,"[{""Resource"":""Property"",""Field"":""GreenEnergyGeneration"",""DisplayName"":""Green Energy Generation"",""Usage"":""39%""}]",2026-05-04T15:52:55Z,dd.reso.org/DD2.0,https://dd.reso.org/DD2.0/lookups/GreenEnergyGeneration/
GreenIndoorAirQuality,4,1,"[{""Resource"":""Property"",""Field"":""GreenIndoorAirQuality"",""DisplayName"":""Green Indoor Air Quality"",""Usage"":""19%""}]",2026-05-04T15:52:55Z,dd.reso.org/DD2.0,https://dd.reso.org/DD2.0/lookups/GreenIndoorAirQuality/
GreenSustainability,7,1,"[{""Resource"":""Property"",""Field"":""GreenSustainability"",""DisplayName"":""Green Sustainability"",""Usage"":""13%""}]",2026-05-04T15:52:55Z,dd.reso.org/DD2.0,https://dd.reso.org/DD2.0/lookups/GreenSustainability/
GreenVerificationSource,10,1,"[{""Resource"":""PropertyGreenVerification"",""Field"":""GreenVerificationSource"",""DisplayName"":""Green Verification Source"",""Usage"":""1%""}]",2026-05-04T15:52:55Z,dd.reso.org/DD2.0,https://dd.reso.org/DD2.0/lookups/GreenVerificationSource/
GreenVerificationStatus,2,1,"[{""Resource"":""PropertyGreenVerification"",""Field"":""GreenVerificationStatus"",""DisplayName"":""Green Verification Status"",""Usage"":""1%""}]",2026-05-04T15:52:55Z,dd.reso.org/DD2.0,https://dd.reso.org/DD2.0/lookups/GreenVerificationStatus/
GreenWaterConservation,6,1,"[{""Resource"":""Property"",""Field"":""GreenWaterConservation"",""DisplayName"":""Green Water Conservation"",""Usage"":""28%""}]",2026-05-04T15:52:55Z,dd.reso.org/DD2.0,https://dd.reso.org/DD2.0/lookups/GreenWaterConservation/
Heating,42,1,"[{""Resource"":""Property"",""Field"":""Heating"",""DisplayName"":""Heating"",""Usage"":""90%""}]",2026-05-04T15:52:55Z,dd.reso.org/DD2.0,https://dd.reso.org/DD2.0/lookups/Heating/
HorseAmenities,18,1,"[{""Resource"":""Property"",""Field"":""HorseAmenities"",""DisplayName"":""Horse Amenities"",""Usage"":""40%""}]",2026-05-04T15:52:56Z,dd.reso.org/DD2.0,https://dd.reso.org/DD2.0/lookups/HorseAmenities/
HoursDaysOfOperation,9,1,"[{""Resource"":""Property"",""Field"":""HoursDaysOfOperation"",""DisplayName"":""Hours/Days Of Operation"",""Usage"":""6%""}]",2026-05-04T15:52:56Z,dd.reso.org/DD2.0,https://dd.reso.org/DD2.0/lookups/HoursDaysOfOperation/
IanaTimeZoneValues,482,3,"[{""Resource"":""Property"",""Field"":""PropertyTimeZoneName"",""DisplayName"":""Property Time Zone Name"",""Usage"":""1%""},{""Resource"":""LockOrBox"",""Field"":""ListingTimeZone"",""DisplayName"":""Listing Time Zone"",""Usage"":""—""},{""Resource"":""Showing"",""Field"":""ShowingTimeZone"",""DisplayName"":""Showing Time Zone"",""Usage"":""—""}]",2026-05-04T15:52:56Z,dd.reso.org/DD2.0,https://dd.reso.org/DD2.0/lookups/IanaTimeZoneValues/
ImageOf,86,1,"[{""Resource"":""Media"",""Field"":""ImageOf"",""DisplayName"":""Image Of"",""Usage"":""13%""}]",2026-05-04T15:52:56Z,dd.reso.org/DD2.0,https://dd.reso.org/DD2.0/lookups/ImageOf/
IncomeIncludes,6,1,"[{""Resource"":""Property"",""Field"":""IncomeIncludes"",""DisplayName"":""Income Includes"",""Usage"":""9%""}]",2026-05-04T15:52:56Z,dd.reso.org/DD2.0,https://dd.reso.org/DD2.0/lookups/IncomeIncludes/
InteriorOrRoomFeatures,53,2,"[{""Resource"":""Property"",""Field"":""InteriorFeatures"",""DisplayName"":""Interior Features"",""Usage"":""88%""},{""Resource"":""PropertyRooms"",""Field"":""RoomFeatures"",""DisplayName"":""Room Features"",""Usage"":""16%""}]",2026-05-04T15:52:56Z,dd.reso.org/DD2.0,https://dd.reso.org/DD2.0/lookups/InteriorOrRoomFeatures/
LaborInformation,3,1,"[{""Resource"":""Property"",""Field"":""LaborInformation"",""DisplayName"":""Labor Information"",""Usage"":""4%""}]",2026-05-04T15:52:56Z,dd.reso.org/DD2.0,https://dd.reso.org/DD2.0/lookups/LaborInformation/
Languages,190,3,"[{""Resource"":""Contacts"",""Field"":""Language"",""DisplayName"":""Language"",""Usage"":""—""},{""Resource"":""Member"",""Field"":""MemberLanguages"",""DisplayName"":""Member Languages"",""Usage"":""46%""},{""Resource"":""Prospecting"",""Field"":""Language"",""DisplayName"":""Language"",""Usage"":""—""}]",2026-05-04T15:52:56Z,dd.reso.org/DD2.0,https://dd.reso.org/DD2.0/lookups/Languages/
LaundryFeatures,24,1,"[{""Resource"":""Property"",""Field"":""LaundryFeatures"",""DisplayName"":""Laundry Features"",""Usage"":""75%""}]",2026-05-04T15:52:56Z,dd.reso.org/DD2.0,https://dd.reso.org/DD2.0/lookups/LaundryFeatures/
LeaseRenewalCompensation,5,1,"[{""Resource"":""Property"",""Field"":""LeaseRenewalCompensation"",""DisplayName"":""Lease Renewal Compensation"",""Usage"":""5%""}]",2026-05-04T15:52:56Z,dd.reso.org/DD2.0,https://dd.reso.org/DD2.0/lookups/LeaseRenewalCompensation/
LeaseTerm,10,1,"[{""Resource"":""Property"",""Field"":""LeaseTerm"",""DisplayName"":""Lease Term"",""Usage"":""57%""}]",2026-05-04T15:52:56Z,dd.reso.org/DD2.0,https://dd.reso.org/DD2.0/lookups/LeaseTerm/
Levels,8,1,"[{""Resource"":""Property"",""Field"":""Levels"",""DisplayName"":""Levels"",""Usage"":""78%""}]",2026-05-04T15:52:56Z,dd.reso.org/DD2.0,https://dd.reso.org/DD2.0/lookups/Levels/
LinearUnits,2,15,"[{""Resource"":""Property"",""Field"":""DistanceToBusUnits"",""DisplayName"":""Distance To Bus Units"",""Usage"":""1%""},{""Resource"":""Property"",""Field"":""DistanceToElectricUnits"",""DisplayName"":""Distance To Electric Units"",""Usage"":""1%""},{""Resource"":""Property"",""Field"":""DistanceToFreewayUnits"",""DisplayName"":""Distance To Freeway Units"",""Usage"":""1%""},{""Resource"":""Property"",""Field"":""DistanceToGasUnits"",""DisplayName"":""Distance To Gas Units"",""Usage"":""1%""},{""Resource"":""Property"",""Field"":""DistanceToPhoneServiceUnits"",""DisplayName"":""Distance To Phone Service Units"",""Usage"":""0%""},{""Resource"":""Property"",""Field"":""DistanceToPlaceofWorshipUnits"",""DisplayName"":""Distance To Placeof Worship Units"",""Usage"":""1%""},{""Resource"":""Property"",""Field"":""DistanceToSchoolBusUnits"",""DisplayName"":""Distance To School Bus Units"",""Usage"":""1%""},{""Resource"":""Property"",""Field"":""DistanceToSchoolsUnits"",""DisplayName"":""Distance To Schools Units"",""Usage"":""2%""},{""Resource"":""Property"",""Field"":""DistanceToSewerUnits"",""DisplayName"":""Distance To Sewer Units"",""Usage"":""1%""},{""Resource"":""Property"",""Field"":""DistanceToShoppingUnits"",""DisplayName"":""Distance To Shopping Units"",""Usage"":""1%""},{""Resource"":""Property"",""Field"":""DistanceToStreetUnits"",""DisplayName"":""Distance To Street Units"",""Usage"":""1%""},{""Resource"":""Property"",""Field"":""DistanceToWaterUnits"",""DisplayName"":""Distance To Water Units"",""Usage"":""1%""},{""Resource"":""Property"",""Field"":""ElevationUnits"",""DisplayName"":""Elevation Units"",""Usage"":""3%""},{""Resource"":""Property"",""Field"":""MobileDimUnits"",""DisplayName"":""Mobile Dimensions Units"",""Usage"":""2%""},{""Resource"":""PropertyRooms"",""Field"":""RoomLengthWidthUnits"",""DisplayName"":""Room Length Width Units"",""Usage"":""2%""}]",2026-05-04T15:52:56Z,dd.reso.org/DD2.0,https://dd.reso.org/DD2.0/lookups/LinearUnits/
ListAgentDesignation,27,1,"[{""Resource"":""Property"",""Field"":""ListAgentDesignation"",""DisplayName"":""List Agent Designation"",""Usage"":""30%""}]",2026-05-04T15:52:56Z,dd.reso.org/DD2.0,https://dd.reso.org/DD2.0/lookups/ListAgentDesignation/
ListingAgreement,7,1,"[{""Resource"":""Property"",""Field"":""ListingAgreement"",""DisplayName"":""Listing Agreement"",""Usage"":""69%""}]",2026-05-04T15:52:56Z,dd.reso.org/DD2.0,https://dd.reso.org/DD2.0/lookups/ListingAgreement/
ListingService,3,1,"[{""Resource"":""Property"",""Field"":""ListingService"",""DisplayName"":""Listing Service"",""Usage"":""39%""}]",2026-05-04T15:52:56Z,dd.reso.org/DD2.0,https://dd.reso.org/DD2.0/lookups/ListingService/
ListingTerms,26,1,"[{""Resource"":""Property"",""Field"":""ListingTerms"",""DisplayName"":""Listing Terms"",""Usage"":""78%""}]",2026-05-04T15:52:56Z,dd.reso.org/DD2.0,https://dd.reso.org/DD2.0/lookups/ListingTerms/
ListingURLDescription,7,1,"[{""Resource"":""Property"",""Field"":""ListingURLDescription"",""DisplayName"":""Listing URL Description"",""Usage"":""—""}]",2026-05-04T15:52:56Z,dd.reso.org/DD2.0,https://dd.reso.org/DD2.0/lookups/ListingURLDescription/
LockBoxType,8,1,"[{""Resource"":""Property"",""Field"":""LockBoxType"",""DisplayName"":""Lock Box Type"",""Usage"":""39%""}]",2026-05-04T15:52:56Z,dd.reso.org/DD2.0,https://dd.reso.org/DD2.0/lookups/LockBoxType/
LockOrBoxAccessType,3,1,"[{""Resource"":""LockOrBox"",""Field"":""LockOrBoxAccessType"",""DisplayName"":""Lock or Box Access Type"",""Usage"":""—""}]",2026-05-04T15:52:56Z,dd.reso.org/DD2.0,https://dd.reso.org/DD2.0/lookups/LockOrBoxAccessType/
LotDimensionsSource,11,1,"[{""Resource"":""Property"",""Field"":""LotDimensionsSource"",""DisplayName"":""Lot Dimensions Source"",""Usage"":""6%""}]",2026-05-04T15:52:57Z,dd.reso.org/DD2.0,https://dd.reso.org/DD2.0/lookups/LotDimensionsSource/
LotFeatures,56,1,"[{""Resource"":""Property"",""Field"":""LotFeatures"",""DisplayName"":""Lot Features"",""Usage"":""84%""}]",2026-05-04T15:52:57Z,dd.reso.org/DD2.0,https://dd.reso.org/DD2.0/lookups/LotFeatures/
LotSizeSource,9,1,"[{""Resource"":""Property"",""Field"":""LotSizeSource"",""DisplayName"":""Lot Size Source"",""Usage"":""24%""}]",2026-05-04T15:52:57Z,dd.reso.org/DD2.0,https://dd.reso.org/DD2.0/lookups/LotSizeSource/
LotSizeUnits,3,1,"[{""Resource"":""Property"",""Field"":""LotSizeUnits"",""DisplayName"":""Lot Size Units"",""Usage"":""88%""}]",2026-05-04T15:52:57Z,dd.reso.org/DD2.0,https://dd.reso.org/DD2.0/lookups/LotSizeUnits/
MediaAlteration,10,1,"[{""Resource"":""Media"",""Field"":""MediaAlteration"",""DisplayName"":""Media Alteration"",""Usage"":""1%""}]",2026-05-04T15:52:57Z,dd.reso.org/DD2.0,https://dd.reso.org/DD2.0/lookups/MediaAlteration/
MediaCategory,9,1,"[{""Resource"":""Media"",""Field"":""MediaCategory"",""DisplayName"":""Media Category"",""Usage"":""30%""}]",2026-05-04T15:52:57Z,dd.reso.org/DD2.0,https://dd.reso.org/DD2.0/lookups/MediaCategory/
MediaType,16,1,"[{""Resource"":""Media"",""Field"":""MediaType"",""DisplayName"":""Media Type"",""Usage"":""32%""}]",2026-05-04T15:52:57Z,dd.reso.org/DD2.0,https://dd.reso.org/DD2.0/lookups/MediaType/
MemberAssociationBillStatus,3,1,"[{""Resource"":""MemberAssociation"",""Field"":""MemberAssociationBillStatus"",""DisplayName"":""Member Association Bill Status"",""Usage"":""—""}]",2026-05-04T15:52:57Z,dd.reso.org/DD2.0,https://dd.reso.org/DD2.0/lookups/MemberAssociationBillStatus/
MemberDesignation,27,1,"[{""Resource"":""Member"",""Field"":""MemberDesignation"",""DisplayName"":""Member Designation"",""Usage"":""49%""}]",2026-05-04T15:52:57Z,dd.reso.org/DD2.0,https://dd.reso.org/DD2.0/lookups/MemberDesignation/
MemberOtherPhoneType,14,1,"[{""Resource"":""Member"",""Field"":""MemberOtherPhoneType"",""DisplayName"":""Member Other Phone Type"",""Usage"":""1%""}]",2026-05-04T15:52:57Z,dd.reso.org/DD2.0,https://dd.reso.org/DD2.0/lookups/MemberOtherPhoneType/
MemberStateLicenseType,3,1,"[{""Resource"":""MemberStateLicense"",""Field"":""MemberStateLicenseType"",""DisplayName"":""Member State License Type"",""Usage"":""—""}]",2026-05-04T15:52:57Z,dd.reso.org/DD2.0,https://dd.reso.org/DD2.0/lookups/MemberStateLicenseType/
MemberStatus,2,2,"[{""Resource"":""Member"",""Field"":""MemberStatus"",""DisplayName"":""Member Status"",""Usage"":""93%""},{""Resource"":""MemberAssociation"",""Field"":""MemberAssociationStatus"",""DisplayName"":""Member Association Status"",""Usage"":""0%""}]",2026-05-04T15:52:57Z,dd.reso.org/DD2.0,https://dd.reso.org/DD2.0/lookups/MemberStatus/
MemberType,19,1,"[{""Resource"":""Member"",""Field"":""MemberType"",""DisplayName"":""Member Type"",""Usage"":""88%""}]",2026-05-04T15:52:57Z,dd.reso.org/DD2.0,https://dd.reso.org/DD2.0/lookups/MemberType/
NotedBy,2,1,"[{""Resource"":""ContactListingNotes"",""Field"":""NotedBy"",""DisplayName"":""Noted By"",""Usage"":""—""}]",2026-05-04T15:52:57Z,dd.reso.org/DD2.0,https://dd.reso.org/DD2.0/lookups/NotedBy/
ObjectIdType,8,1,"[{""Resource"":""InternetTracking"",""Field"":""ObjectIdType"",""DisplayName"":""Object ID Type"",""Usage"":""—""}]",2026-05-04T15:52:57Z,dd.reso.org/DD2.0,https://dd.reso.org/DD2.0/lookups/ObjectIdType/
ObjectType,7,1,"[{""Resource"":""InternetTracking"",""Field"":""ObjectType"",""DisplayName"":""Object Type"",""Usage"":""—""}]",2026-05-04T15:52:57Z,dd.reso.org/DD2.0,https://dd.reso.org/DD2.0/lookups/ObjectType/
OccupantType,3,1,"[{""Resource"":""Property"",""Field"":""OccupantType"",""DisplayName"":""Occupant Type"",""Usage"":""62%""}]",2026-05-04T15:52:57Z,dd.reso.org/DD2.0,https://dd.reso.org/DD2.0/lookups/OccupantType/
OfficeAssociationPrimaryIndicator,4,1,"[{""Resource"":""OfficeAssociation"",""Field"":""OfficeAssociationPrimaryIndicator"",""DisplayName"":""Office Association Primary Indicator"",""Usage"":""—""}]",2026-05-04T15:52:57Z,dd.reso.org/DD2.0,https://dd.reso.org/DD2.0/lookups/OfficeAssociationPrimaryIndicator/
OfficeBranchType,3,1,"[{""Resource"":""Office"",""Field"":""OfficeBranchType"",""DisplayName"":""Office Branch Type"",""Usage"":""11%""}]",2026-05-04T15:52:57Z,dd.reso.org/DD2.0,https://dd.reso.org/DD2.0/lookups/OfficeBranchType/
OfficeCorporateLicenseType,2,1,"[{""Resource"":""OfficeCorporateLicense"",""Field"":""OfficeCorporateLicenseType"",""DisplayName"":""Office Corporate License Type"",""Usage"":""—""}]",2026-05-04T15:52:57Z,dd.reso.org/DD2.0,https://dd.reso.org/DD2.0/lookups/OfficeCorporateLicenseType/
OfficeStatus,2,2,"[{""Resource"":""Office"",""Field"":""OfficeStatus"",""DisplayName"":""Office Status"",""Usage"":""88%""},{""Resource"":""OfficeAssociation"",""Field"":""OfficeAssociationStatus"",""DisplayName"":""Office Association Status"",""Usage"":""—""}]",2026-05-04T15:52:57Z,dd.reso.org/DD2.0,https://dd.reso.org/DD2.0/lookups/OfficeStatus/
OfficeType,11,1,"[{""Resource"":""Office"",""Field"":""OfficeType"",""DisplayName"":""Office Type"",""Usage"":""76%""}]",2026-05-04T15:52:57Z,dd.reso.org/DD2.0,https://dd.reso.org/DD2.0/lookups/OfficeType/
OpenHouseStatus,3,1,"[{""Resource"":""OpenHouse"",""Field"":""OpenHouseStatus"",""DisplayName"":""Open House Status"",""Usage"":""47%""}]",2026-05-04T15:52:58Z,dd.reso.org/DD2.0,https://dd.reso.org/DD2.0/lookups/OpenHouseStatus/
OpenHouseType,5,1,"[{""Resource"":""OpenHouse"",""Field"":""OpenHouseType"",""DisplayName"":""Open House Type"",""Usage"":""46%""}]",2026-05-04T15:52:58Z,dd.reso.org/DD2.0,https://dd.reso.org/DD2.0/lookups/OpenHouseType/
OperatingExpenseIncludes,33,1,"[{""Resource"":""Property"",""Field"":""OperatingExpenseIncludes"",""DisplayName"":""Operating Expense Includes"",""Usage"":""22%""}]",2026-05-04T15:52:58Z,dd.reso.org/DD2.0,https://dd.reso.org/DD2.0/lookups/OperatingExpenseIncludes/
OtherEquipment,21,1,"[{""Resource"":""Property"",""Field"":""OtherEquipment"",""DisplayName"":""Other Equipment"",""Usage"":""71%""}]",2026-05-04T15:52:58Z,dd.reso.org/DD2.0,https://dd.reso.org/DD2.0/lookups/OtherEquipment/
OtherPhoneType,14,2,"[{""Resource"":""Contacts"",""Field"":""OtherPhoneType"",""DisplayName"":""Other Phone Type"",""Usage"":""—""},{""Resource"":""OtherPhone"",""Field"":""OtherPhoneType"",""DisplayName"":""Other Phone Type"",""Usage"":""0%""}]",2026-05-04T15:52:58Z,dd.reso.org/DD2.0,https://dd.reso.org/DD2.0/lookups/OtherPhoneType/
OtherStructures,33,1,"[{""Resource"":""Property"",""Field"":""OtherStructures"",""DisplayName"":""Other Structures"",""Usage"":""77%""}]",2026-05-04T15:52:58Z,dd.reso.org/DD2.0,https://dd.reso.org/DD2.0/lookups/OtherStructures/
OwnerPays,29,1,"[{""Resource"":""Property"",""Field"":""OwnerPays"",""DisplayName"":""Owner Pays"",""Usage"":""53%""}]",2026-05-04T15:52:58Z,dd.reso.org/DD2.0,https://dd.reso.org/DD2.0/lookups/OwnerPays/
OwnershipType,4,1,"[{""Resource"":""Property"",""Field"":""OwnershipType"",""DisplayName"":""Ownership Type"",""Usage"":""22%""}]",2026-05-04T15:52:58Z,dd.reso.org/DD2.0,https://dd.reso.org/DD2.0/lookups/OwnershipType/
ParkingFeatures,72,1,"[{""Resource"":""Property"",""Field"":""ParkingFeatures"",""DisplayName"":""Parking Features"",""Usage"":""86%""}]",2026-05-04T15:52:58Z,dd.reso.org/DD2.0,https://dd.reso.org/DD2.0/lookups/ParkingFeatures/
PatioAndPorchFeatures,16,1,"[{""Resource"":""Property"",""Field"":""PatioAndPorchFeatures"",""DisplayName"":""Patio And Porch Features"",""Usage"":""76%""}]",2026-05-04T15:52:58Z,dd.reso.org/DD2.0,https://dd.reso.org/DD2.0/lookups/PatioAndPorchFeatures/
Permission,7,1,"[{""Resource"":""Media"",""Field"":""Permission"",""DisplayName"":""Permission"",""Usage"":""25%""}]",2026-05-04T15:52:58Z,dd.reso.org/DD2.0,https://dd.reso.org/DD2.0/lookups/Permission/
PetsAllowed,8,1,"[{""Resource"":""Property"",""Field"":""PetsAllowed"",""DisplayName"":""Pets Allowed"",""Usage"":""65%""}]",2026-05-04T15:52:58Z,dd.reso.org/DD2.0,https://dd.reso.org/DD2.0/lookups/PetsAllowed/
PoolFeatures,35,1,"[{""Resource"":""Property"",""Field"":""PoolFeatures"",""DisplayName"":""Pool Features"",""Usage"":""79%""}]",2026-05-04T15:52:58Z,dd.reso.org/DD2.0,https://dd.reso.org/DD2.0/lookups/PoolFeatures/
Possession,12,1,"[{""Resource"":""Property"",""Field"":""Possession"",""DisplayName"":""Possession"",""Usage"":""74%""}]",2026-05-04T15:52:58Z,dd.reso.org/DD2.0,https://dd.reso.org/DD2.0/lookups/Possession/
PowerProductionAnnualStatus,3,1,"[{""Resource"":""PropertyPowerProduction"",""Field"":""PowerProductionAnnualStatus"",""DisplayName"":""Power Production Annual Status"",""Usage"":""—""}]",2026-05-04T15:52:58Z,dd.reso.org/DD2.0,https://dd.reso.org/DD2.0/lookups/PowerProductionAnnualStatus/
PowerProductionOwnership,2,1,"[{""Resource"":""PropertyPowerProduction"",""Field"":""PowerProductionOwnership"",""DisplayName"":""Power Production Ownership"",""Usage"":""1%""}]",2026-05-04T15:52:58Z,dd.reso.org/DD2.0,https://dd.reso.org/DD2.0/lookups/PowerProductionOwnership/
PowerProductionType,2,2,"[{""Resource"":""Property"",""Field"":""PowerProductionType"",""DisplayName"":""Power Production Type"",""Usage"":""12%""},{""Resource"":""PropertyPowerProduction"",""Field"":""PowerProductionType"",""DisplayName"":""Power Production Type"",""Usage"":""1%""}]",2026-05-04T15:52:58Z,dd.reso.org/DD2.0,https://dd.reso.org/DD2.0/lookups/PowerProductionType/
PowerStorageType,5,1,"[{""Resource"":""PropertyPowerStorage"",""Field"":""PowerStorageType"",""DisplayName"":""Power Storage Type"",""Usage"":""—""}]",2026-05-04T15:52:58Z,dd.reso.org/DD2.0,https://dd.reso.org/DD2.0/lookups/PowerStorageType/
PreferredAddress,3,1,"[{""Resource"":""Contacts"",""Field"":""PreferredAddress"",""DisplayName"":""Preferred Address"",""Usage"":""—""}]",2026-05-04T15:52:58Z,dd.reso.org/DD2.0,https://dd.reso.org/DD2.0/lookups/PreferredAddress/
PreferredMail,4,1,"[{""Resource"":""Member"",""Field"":""MemberPreferredMail"",""DisplayName"":""Member Preferred Mail"",""Usage"":""—""}]",2026-05-04T15:52:58Z,dd.reso.org/DD2.0,https://dd.reso.org/DD2.0/lookups/PreferredMail/
PreferredMedia,3,2,"[{""Resource"":""Member"",""Field"":""MemberPreferredMedia"",""DisplayName"":""Member Preferred Media"",""Usage"":""—""},{""Resource"":""Office"",""Field"":""OfficePreferredMedia"",""DisplayName"":""Office Preferred Media"",""Usage"":""0%""}]",2026-05-04T15:52:58Z,dd.reso.org/DD2.0,https://dd.reso.org/DD2.0/lookups/PreferredMedia/
PreferredPhone,7,1,"[{""Resource"":""Contacts"",""Field"":""PreferredPhone"",""DisplayName"":""Preferred Phone"",""Usage"":""—""}]",2026-05-04T15:52:59Z,dd.reso.org/DD2.0,https://dd.reso.org/DD2.0/lookups/PreferredPhone/
PreferredPublication,5,1,"[{""Resource"":""Member"",""Field"":""MemberPreferredPublication"",""DisplayName"":""Member Preferred Publication"",""Usage"":""—""}]",2026-05-04T15:52:58Z,dd.reso.org/DD2.0,https://dd.reso.org/DD2.0/lookups/PreferredPublication/
PropertyCondition,5,1,"[{""Resource"":""Property"",""Field"":""PropertyCondition"",""DisplayName"":""Property Condition"",""Usage"":""63%""}]",2026-05-04T15:52:58Z,dd.reso.org/DD2.0,https://dd.reso.org/DD2.0/lookups/PropertyCondition/
PropertySubType,31,1,"[{""Resource"":""Property"",""Field"":""PropertySubType"",""DisplayName"":""Property Sub Type"",""Usage"":""95%""}]",2026-05-04T15:52:59Z,dd.reso.org/DD2.0,https://dd.reso.org/DD2.0/lookups/PropertySubType/
PropertyType,9,1,"[{""Resource"":""Property"",""Field"":""PropertyType"",""DisplayName"":""Property Type"",""Usage"":""99%""}]",2026-05-04T15:52:59Z,dd.reso.org/DD2.0,https://dd.reso.org/DD2.0/lookups/PropertyType/
QueueTransactionType,3,1,"[{""Resource"":""Queue"",""Field"":""QueueTransactionType"",""DisplayName"":""Queue Transaction Type"",""Usage"":""—""}]",2026-05-04T15:52:59Z,dd.reso.org/DD2.0,https://dd.reso.org/DD2.0/lookups/QueueTransactionType/
ReasonActiveOrDisabled,16,1,"[{""Resource"":""Prospecting"",""Field"":""ReasonActiveOrDisabled"",""DisplayName"":""Reason Active Or Disabled"",""Usage"":""—""}]",2026-05-04T15:52:59Z,dd.reso.org/DD2.0,https://dd.reso.org/DD2.0/lookups/ReasonActiveOrDisabled/
RentIncludes,13,1,"[{""Resource"":""Property"",""Field"":""RentIncludes"",""DisplayName"":""Rent Includes"",""Usage"":""39%""}]",2026-05-04T15:52:59Z,dd.reso.org/DD2.0,https://dd.reso.org/DD2.0/lookups/RentIncludes/
ResourceName,5,7,"[{""Resource"":""ContactListings"",""Field"":""ResourceName"",""DisplayName"":""Resource Name"",""Usage"":""—""},{""Resource"":""Media"",""Field"":""ResourceName"",""DisplayName"":""Resource Name"",""Usage"":""26%""},{""Resource"":""OtherPhone"",""Field"":""ResourceName"",""DisplayName"":""Resource Name"",""Usage"":""0%""},{""Resource"":""Queue"",""Field"":""ResourceName"",""DisplayName"":""Resource Name"",""Usage"":""—""},{""Resource"":""Rules"",""Field"":""ResourceName"",""DisplayName"":""Resource Name"",""Usage"":""—""},{""Resource"":""SavedSearch"",""Field"":""ResourceName"",""DisplayName"":""Resource Name"",""Usage"":""—""},{""Resource"":""SocialMedia"",""Field"":""ResourceName"",""DisplayName"":""Resource Name"",""Usage"":""1%""}]",2026-05-04T15:52:59Z,dd.reso.org/DD2.0,https://dd.reso.org/DD2.0/lookups/ResourceName/
ResponseTypes,2,1,"[{""Resource"":""InternetTrackingSummary"",""Field"":""ResponseType"",""DisplayName"":""Response Type"",""Usage"":""—""}]",2026-05-04T15:52:59Z,dd.reso.org/DD2.0,https://dd.reso.org/DD2.0/lookups/ResponseTypes/
RoadFrontageType,13,1,"[{""Resource"":""Property"",""Field"":""RoadFrontageType"",""DisplayName"":""Road Frontage Type"",""Usage"":""72%""}]",2026-05-04T15:52:59Z,dd.reso.org/DD2.0,https://dd.reso.org/DD2.0/lookups/RoadFrontageType/
RoadResponsibility,3,1,"[{""Resource"":""Property"",""Field"":""RoadResponsibility"",""DisplayName"":""Road Responsibility"",""Usage"":""36%""}]",2026-05-04T15:52:59Z,dd.reso.org/DD2.0,https://dd.reso.org/DD2.0/lookups/RoadResponsibility/
RoadSurfaceType,11,1,"[{""Resource"":""Property"",""Field"":""RoadSurfaceType"",""DisplayName"":""Road Surface Type"",""Usage"":""74%""}]",2026-05-04T15:52:59Z,dd.reso.org/DD2.0,https://dd.reso.org/DD2.0/lookups/RoadSurfaceType/
Roof,34,1,"[{""Resource"":""Property"",""Field"":""Roof"",""DisplayName"":""Roof"",""Usage"":""89%""}]",2026-05-04T15:52:59Z,dd.reso.org/DD2.0,https://dd.reso.org/DD2.0/lookups/Roof/
RoomLengthWidthSource,11,1,"[{""Resource"":""PropertyRooms"",""Field"":""RoomLengthWidthSource"",""DisplayName"":""Room Length Width Source"",""Usage"":""1%""}]",2026-05-04T15:52:59Z,dd.reso.org/DD2.0,https://dd.reso.org/DD2.0/lookups/RoomLengthWidthSource/
RoomLevel,7,1,"[{""Resource"":""PropertyRooms"",""Field"":""RoomLevel"",""DisplayName"":""Room Level"",""Usage"":""33%""}]",2026-05-04T15:52:59Z,dd.reso.org/DD2.0,https://dd.reso.org/DD2.0/lookups/RoomLevel/
RoomType,33,2,"[{""Resource"":""Property"",""Field"":""RoomType"",""DisplayName"":""Room Type"",""Usage"":""25%""},{""Resource"":""PropertyRooms"",""Field"":""RoomType"",""DisplayName"":""Room Type"",""Usage"":""36%""}]",2026-05-04T15:52:59Z,dd.reso.org/DD2.0,https://dd.reso.org/DD2.0/lookups/RoomType/
RuleFormat,4,1,"[{""Resource"":""Rules"",""Field"":""RuleFormat"",""DisplayName"":""Rule Format"",""Usage"":""—""}]",2026-05-04T15:52:59Z,dd.reso.org/DD2.0,https://dd.reso.org/DD2.0/lookups/RuleFormat/
ScheduleType,3,1,"[{""Resource"":""Prospecting"",""Field"":""ScheduleType"",""DisplayName"":""Schedule Type"",""Usage"":""—""}]",2026-05-04T15:52:59Z,dd.reso.org/DD2.0,https://dd.reso.org/DD2.0/lookups/ScheduleType/
SearchQueryType,2,1,"[{""Resource"":""SavedSearch"",""Field"":""SearchQueryType"",""DisplayName"":""Search Query Type"",""Usage"":""—""}]",2026-05-04T15:52:59Z,dd.reso.org/DD2.0,https://dd.reso.org/DD2.0/lookups/SearchQueryType/
SecurityFeatures,28,1,"[{""Resource"":""Property"",""Field"":""SecurityFeatures"",""DisplayName"":""Security Features"",""Usage"":""74%""}]",2026-05-04T15:52:59Z,dd.reso.org/DD2.0,https://dd.reso.org/DD2.0/lookups/SecurityFeatures/
Sewer,15,1,"[{""Resource"":""Property"",""Field"":""Sewer"",""DisplayName"":""Sewer"",""Usage"":""87%""}]",2026-05-04T15:52:59Z,dd.reso.org/DD2.0,https://dd.reso.org/DD2.0/lookups/Sewer/
ShowingAppointmentMethod,3,1,"[{""Resource"":""ShowingAppointment"",""Field"":""ShowingAppointmentMethod"",""DisplayName"":""Showing Appointment Method"",""Usage"":""—""}]",2026-05-04T15:52:59Z,dd.reso.org/DD2.0,https://dd.reso.org/DD2.0/lookups/ShowingAppointmentMethod/
ShowingAppointmentStatus,4,1,"[{""Resource"":""ShowingAppointment"",""Field"":""ShowingAppointmentStatus"",""DisplayName"":""Showing Appointment Status"",""Usage"":""—""}]",2026-05-04T15:53:00Z,dd.reso.org/DD2.0,https://dd.reso.org/DD2.0/lookups/ShowingAppointmentStatus/
ShowingConsiderations,14,1,"[{""Resource"":""Property"",""Field"":""ShowingConsiderations"",""DisplayName"":""Showing Considerations"",""Usage"":""9%""}]",2026-05-04T15:53:00Z,dd.reso.org/DD2.0,https://dd.reso.org/DD2.0/lookups/ShowingConsiderations/
ShowingContactType,4,1,"[{""Resource"":""Property"",""Field"":""ShowingContactType"",""DisplayName"":""Showing Contact Type"",""Usage"":""14%""}]",2026-05-04T15:53:00Z,dd.reso.org/DD2.0,https://dd.reso.org/DD2.0/lookups/ShowingContactType/
ShowingMethod,3,1,"[{""Resource"":""ShowingAvailability"",""Field"":""ShowingMethod"",""DisplayName"":""Showing Method"",""Usage"":""—""}]",2026-05-04T15:53:00Z,dd.reso.org/DD2.0,https://dd.reso.org/DD2.0/lookups/ShowingMethod/
ShowingMethodRequest,3,1,"[{""Resource"":""ShowingRequest"",""Field"":""ShowingMethodRequest"",""DisplayName"":""Showing Method Request"",""Usage"":""—""}]",2026-05-04T15:53:00Z,dd.reso.org/DD2.0,https://dd.reso.org/DD2.0/lookups/ShowingMethodRequest/
ShowingRequestType,6,1,"[{""Resource"":""ShowingRequest"",""Field"":""ShowingRequestType"",""DisplayName"":""Showing Request Type"",""Usage"":""—""}]",2026-05-04T15:53:00Z,dd.reso.org/DD2.0,https://dd.reso.org/DD2.0/lookups/ShowingRequestType/
ShowingRequestor,11,1,"[{""Resource"":""ShowingRequest"",""Field"":""ShowingRequestor"",""DisplayName"":""Showing Requestor"",""Usage"":""—""}]",2026-05-04T15:53:00Z,dd.reso.org/DD2.0,https://dd.reso.org/DD2.0/lookups/ShowingRequestor/
ShowingRequirements,18,1,"[{""Resource"":""Property"",""Field"":""ShowingRequirements"",""DisplayName"":""Showing Requirements"",""Usage"":""28%""}]",2026-05-04T15:53:00Z,dd.reso.org/DD2.0,https://dd.reso.org/DD2.0/lookups/ShowingRequirements/
ShowingServiceName,10,1,"[{""Resource"":""Property"",""Field"":""ShowingServiceName"",""DisplayName"":""Showing Service Name"",""Usage"":""1%""}]",2026-05-04T15:53:00Z,dd.reso.org/DD2.0,https://dd.reso.org/DD2.0/lookups/ShowingServiceName/
ShowingStatus,4,1,"[{""Resource"":""Showing"",""Field"":""ShowingStatus"",""DisplayName"":""Showing Status"",""Usage"":""—""}]",2026-05-04T15:53:00Z,dd.reso.org/DD2.0,https://dd.reso.org/DD2.0/lookups/ShowingStatus/
Skirt,19,1,"[{""Resource"":""Property"",""Field"":""Skirt"",""DisplayName"":""Skirt"",""Usage"":""12%""}]",2026-05-04T15:53:00Z,dd.reso.org/DD2.0,https://dd.reso.org/DD2.0/lookups/Skirt/
SocialMediaType,17,7,"[{""Resource"":""Association"",""Field"":""SocialMediaType"",""DisplayName"":""Social Media Type"",""Usage"":""—""},{""Resource"":""Contacts"",""Field"":""SocialMediaType"",""DisplayName"":""Social Media Type"",""Usage"":""—""},{""Resource"":""Member"",""Field"":""SocialMediaType"",""DisplayName"":""Social Media Type"",""Usage"":""2%""},{""Resource"":""Office"",""Field"":""SocialMediaType"",""DisplayName"":""Social Media Type"",""Usage"":""1%""},{""Resource"":""OUID"",""Field"":""OrganizationSocialMediaType"",""DisplayName"":""Organization Social Media Type"",""Usage"":""—""},{""Resource"":""SocialMedia"",""Field"":""SocialMediaType"",""DisplayName"":""Social Media Type"",""Usage"":""8%""},{""Resource"":""Teams"",""Field"":""SocialMediaType"",""DisplayName"":""Social Media Type"",""Usage"":""—""}]",2026-05-04T15:53:00Z,dd.reso.org/DD2.0,https://dd.reso.org/DD2.0/lookups/SocialMediaType/
SpaFeatures,10,1,"[{""Resource"":""Property"",""Field"":""SpaFeatures"",""DisplayName"":""Spa Features"",""Usage"":""62%""}]",2026-05-04T15:53:00Z,dd.reso.org/DD2.0,https://dd.reso.org/DD2.0/lookups/SpaFeatures/
SpecialLicenses,13,1,"[{""Resource"":""Property"",""Field"":""SpecialLicenses"",""DisplayName"":""Special Licenses"",""Usage"":""13%""}]",2026-05-04T15:53:00Z,dd.reso.org/DD2.0,https://dd.reso.org/DD2.0/lookups/SpecialLicenses/
SpecialListingConditions,12,1,"[{""Resource"":""Property"",""Field"":""SpecialListingConditions"",""DisplayName"":""Special Listing Conditions"",""Usage"":""74%""}]",2026-05-04T15:53:00Z,dd.reso.org/DD2.0,https://dd.reso.org/DD2.0/lookups/SpecialListingConditions/
StandardStatus,11,1,"[{""Resource"":""Property"",""Field"":""StandardStatus"",""DisplayName"":""Standard Status"",""Usage"":""94%""}]",2026-05-04T15:53:00Z,dd.reso.org/DD2.0,https://dd.reso.org/DD2.0/lookups/StandardStatus/
StateOrProvince,65,19,"[{""Resource"":""Property"",""Field"":""StateOrProvince"",""DisplayName"":""State Or Province"",""Usage"":""99%""},{""Resource"":""Association"",""Field"":""AssociationMailStateOfProvince"",""DisplayName"":""Association Mail State or Province"",""Usage"":""—""},{""Resource"":""Association"",""Field"":""AssociationStateOrProvince"",""DisplayName"":""Association State or Province"",""Usage"":""—""},{""Resource"":""Contacts"",""Field"":""HomeStateOrProvince"",""DisplayName"":""Home State Or Province"",""Usage"":""—""},{""Resource"":""Contacts"",""Field"":""OtherStateOrProvince"",""DisplayName"":""Other State Or Province"",""Usage"":""—""},{""Resource"":""Contacts"",""Field"":""WorkStateOrProvince"",""DisplayName"":""Work State Or Province"",""Usage"":""—""},{""Resource"":""InternetTracking"",""Field"":""ActorStateOrProvince"",""DisplayName"":""Actor State Or Province"",""Usage"":""—""},{""Resource"":""LockOrBox"",""Field"":""ListingStateOrProvince"",""DisplayName"":""Listing State or Province"",""Usage"":""—""},{""Resource"":""Member"",""Field"":""MemberStateLicenseState"",""DisplayName"":""Member State License State"",""Usage"":""16%""},{""Resource"":""Member"",""Field"":""MemberStateOrProvince"",""DisplayName"":""Member State Or Province"",""Usage"":""95%""},{""Resource"":""MemberStateLicense"",""Field"":""MemberStateLicenseState"",""DisplayName"":""Member State License State"",""Usage"":""—""},{""Resource"":""Office"",""Field"":""OfficeMailStateOrProvince"",""DisplayName"":""Office Mail State or Province"",""Usage"":""17%""},{""Resource"":""Office"",""Field"":""OfficePrimaryStateOrProvince"",""DisplayName"":""Office Primary State or Province"",""Usage"":""0%""},{""Resource"":""Office"",""Field"":""OfficeStateOrProvince"",""DisplayName"":""Office State Or Province"",""Usage"":""98%""},{""Resource"":""OfficeCorporateLicense"",""Field"":""OfficeCorporateLicenseState"",""DisplayName"":""Office Corporate License State"",""Usage"":""—""},{""Resource"":""OUID"",""Field"":""OrganizationStateLicenseState"",""DisplayName"":""Organization State License State"",""Usage"":""—""},{""Resource"":""OUID"",""Field"":""OrganizationStateOrProvince"",""DisplayName"":""Organization State Or Province"",""Usage"":""0%""},{""Resource"":""Teams"",""Field"":""TeamLeadStateLicenseState"",""DisplayName"":""Team Lead State License State"",""Usage"":""—""},{""Resource"":""Teams"",""Field"":""TeamStateOrProvince"",""DisplayName"":""Team State Or Province"",""Usage"":""0%""}]",2026-05-04T15:53:00Z,dd.reso.org/DD2.0,https://dd.reso.org/DD2.0/lookups/StateOrProvince/
StreetDirection,8,2,"[{""Resource"":""Property"",""Field"":""StreetDirPrefix"",""DisplayName"":""Street Direction Prefix"",""Usage"":""88%""},{""Resource"":""Property"",""Field"":""StreetDirSuffix"",""DisplayName"":""Street Direction Suffix"",""Usage"":""50%""}]",2026-05-04T15:53:00Z,dd.reso.org/DD2.0,https://dd.reso.org/DD2.0/lookups/StreetDirection/
StructureType,17,1,"[{""Resource"":""Property"",""Field"":""StructureType"",""DisplayName"":""Structure Type"",""Usage"":""63%""}]",2026-05-04T15:53:00Z,dd.reso.org/DD2.0,https://dd.reso.org/DD2.0/lookups/StructureType/
SyndicateTo,4,3,"[{""Resource"":""Property"",""Field"":""SyndicateTo"",""DisplayName"":""Syndicate To"",""Usage"":""16%""},{""Resource"":""Member"",""Field"":""SyndicateTo"",""DisplayName"":""Syndicate To"",""Usage"":""2%""},{""Resource"":""Office"",""Field"":""SyndicateTo"",""DisplayName"":""Syndicate To"",""Usage"":""10%""}]",2026-05-04T15:53:00Z,dd.reso.org/DD2.0,https://dd.reso.org/DD2.0/lookups/SyndicateTo/
TaxStatusCurrent,3,1,"[{""Resource"":""Property"",""Field"":""TaxStatusCurrent"",""DisplayName"":""Tax Status Current"",""Usage"":""3%""}]",2026-05-04T15:53:00Z,dd.reso.org/DD2.0,https://dd.reso.org/DD2.0/lookups/TaxStatusCurrent/
TeamMemberType,10,1,"[{""Resource"":""TeamMembers"",""Field"":""TeamMemberType"",""DisplayName"":""Team Member Type"",""Usage"":""0%""}]",2026-05-04T15:53:01Z,dd.reso.org/DD2.0,https://dd.reso.org/DD2.0/lookups/TeamMemberType/
TeamStatus,2,1,"[{""Resource"":""Teams"",""Field"":""TeamStatus"",""DisplayName"":""Team Status"",""Usage"":""0%""}]",2026-05-04T15:53:01Z,dd.reso.org/DD2.0,https://dd.reso.org/DD2.0/lookups/TeamStatus/
TenantPays,29,1,"[{""Resource"":""Property"",""Field"":""TenantPays"",""DisplayName"":""Tenant Pays"",""Usage"":""63%""}]",2026-05-04T15:53:01Z,dd.reso.org/DD2.0,https://dd.reso.org/DD2.0/lookups/TenantPays/
TrackingType,5,1,"[{""Resource"":""InternetTrackingSummary"",""Field"":""TrackingType"",""DisplayName"":""Tracking Type"",""Usage"":""—""}]",2026-05-04T15:53:01Z,dd.reso.org/DD2.0,https://dd.reso.org/DD2.0/lookups/TrackingType/
TransactionType,5,1,"[{""Resource"":""TransactionManagement"",""Field"":""TransactionType"",""DisplayName"":""Transaction Type"",""Usage"":""—""}]",2026-05-04T15:53:01Z,dd.reso.org/DD2.0,https://dd.reso.org/DD2.0/lookups/TransactionType/
UnitTypeType,10,2,"[{""Resource"":""Property"",""Field"":""UnitTypeType"",""DisplayName"":""Unit Type Type"",""Usage"":""4%""},{""Resource"":""PropertyUnitTypes"",""Field"":""UnitTypeType"",""DisplayName"":""Unit Type Type"",""Usage"":""15%""}]",2026-05-04T15:53:01Z,dd.reso.org/DD2.0,https://dd.reso.org/DD2.0/lookups/UnitTypeType/
UnitsFurnished,3,1,"[{""Resource"":""Property"",""Field"":""UnitsFurnished"",""DisplayName"":""Units Furnished"",""Usage"":""6%""}]",2026-05-04T15:53:01Z,dd.reso.org/DD2.0,https://dd.reso.org/DD2.0/lookups/UnitsFurnished/
Utilities,23,1,"[{""Resource"":""Property"",""Field"":""Utilities"",""DisplayName"":""Utilities"",""Usage"":""88%""}]",2026-05-04T15:53:01Z,dd.reso.org/DD2.0,https://dd.reso.org/DD2.0/lookups/Utilities/
Vegetation,10,1,"[{""Resource"":""Property"",""Field"":""Vegetation"",""DisplayName"":""Vegetation"",""Usage"":""35%""}]",2026-05-04T15:53:01Z,dd.reso.org/DD2.0,https://dd.reso.org/DD2.0/lookups/Vegetation/
View,38,1,"[{""Resource"":""Property"",""Field"":""View"",""DisplayName"":""View"",""Usage"":""63%""}]",2026-05-04T15:53:01Z,dd.reso.org/DD2.0,https://dd.reso.org/DD2.0/lookups/View/
WaterSource,9,1,"[{""Resource"":""Property"",""Field"":""WaterSource"",""DisplayName"":""Water Source"",""Usage"":""86%""}]",2026-05-04T15:53:01Z,dd.reso.org/DD2.0,https://dd.reso.org/DD2.0/lookups/WaterSource/
WaterfrontFeatures,20,1,"[{""Resource"":""Property"",""Field"":""WaterfrontFeatures"",""DisplayName"":""Waterfront Features"",""Usage"":""71%""}]",2026-05-04T15:53:01Z,dd.reso.org/DD2.0,https://dd.reso.org/DD2.0/lookups/WaterfrontFeatures/
WindowFeatures,21,1,"[{""Resource"":""Property"",""Field"":""WindowFeatures"",""DisplayName"":""Window Features"",""Usage"":""76%""}]",2026-05-04T15:53:01Z,dd.reso.org/DD2.0,https://dd.reso.org/DD2.0/lookups/WindowFeatures/
YearBuiltSource,8,1,"[{""Resource"":""Property"",""Field"":""YearBuiltSource"",""DisplayName"":""Year Built Source"",""Usage"":""17%""}]",2026-05-04T15:53:01Z,dd.reso.org/DD2.0,https://dd.reso.org/DD2.0/lookups/YearBuiltSource/
